solid ASCII
  facet normal 7.558395e-01 2.636409e-04 6.547569e-01
    outer loop
      vertex   -1.488299e+02 -3.580083e+02 2.722221e+02
      vertex   -1.486873e+02 -3.690000e+02 2.720618e+02
      vertex   -1.486375e+02 -3.580000e+02 2.720000e+02
    endloop
  endfacet
  facet normal 8.229512e-01 -5.267317e-04 5.681118e-01
    outer loop
      vertex   -1.486375e+02 -3.580000e+02 2.720000e+02
      vertex   -1.486873e+02 -3.690000e+02 2.720618e+02
      vertex   -1.483934e+02 -3.690000e+02 2.716362e+02
    endloop
  endfacet
  facet normal 8.358770e-01 3.950539e-04 5.489167e-01
    outer loop
      vertex   -1.486375e+02 -3.580000e+02 2.720000e+02
      vertex   -1.483934e+02 -3.690000e+02 2.716362e+02
      vertex   -1.483645e+02 -3.580000e+02 2.715842e+02
    endloop
  endfacet
  facet normal 9.083066e-01 -4.128884e-04 4.183049e-01
    outer loop
      vertex   -1.483645e+02 -3.580000e+02 2.715842e+02
      vertex   -1.483934e+02 -3.690000e+02 2.716362e+02
      vertex   -1.481770e+02 -3.690000e+02 2.711663e+02
    endloop
  endfacet
  facet normal 9.150968e-01 2.752615e-04 4.032342e-01
    outer loop
      vertex   -1.483645e+02 -3.580000e+02 2.715842e+02
      vertex   -1.481770e+02 -3.690000e+02 2.711663e+02
      vertex   -1.481639e+02 -3.580000e+02 2.711289e+02
    endloop
  endfacet
  facet normal 9.666601e-01 -2.871483e-04 2.560628e-01
    outer loop
      vertex   -1.481639e+02 -3.580000e+02 2.711289e+02
      vertex   -1.481770e+02 -3.690000e+02 2.711663e+02
      vertex   -1.480446e+02 -3.690000e+02 2.706663e+02
    endloop
  endfacet
  facet normal 9.691522e-01 1.435749e-04 2.464630e-01
    outer loop
      vertex   -1.481639e+02 -3.580000e+02 2.711289e+02
      vertex   -1.480446e+02 -3.690000e+02 2.706663e+02
      vertex   -1.480412e+02 -3.580000e+02 2.706468e+02
    endloop
  endfacet
  facet normal 9.965567e-01 -1.554571e-04 8.291437e-02
    outer loop
      vertex   -1.480412e+02 -3.580000e+02 2.706468e+02
      vertex   -1.480446e+02 -3.690000e+02 2.706663e+02
      vertex   -1.480000e+02 -3.580000e+02 2.701510e+02
    endloop
  endfacet
  facet normal 9.962771e-01 7.891095e-20 8.620852e-02
    outer loop
      vertex   -1.480000e+02 -3.580000e+02 2.701510e+02
      vertex   -1.480446e+02 -3.690000e+02 2.706663e+02
      vertex   -1.480446e+02 -3.800000e+02 2.706663e+02
    endloop
  endfacet
  facet normal 9.962771e-01 7.891095e-20 8.620852e-02
    outer loop
      vertex   -1.480000e+02 -3.580000e+02 2.701510e+02
      vertex   -1.480446e+02 -3.800000e+02 2.706663e+02
      vertex   -1.480446e+02 -3.910000e+02 2.706663e+02
    endloop
  endfacet
  facet normal 9.666601e-01 -0.000000e+00 2.560628e-01
    outer loop
      vertex   -1.480446e+02 -3.910000e+02 2.706663e+02
      vertex   -1.480446e+02 -3.800000e+02 2.706663e+02
      vertex   -1.481770e+02 -3.910000e+02 2.711663e+02
    endloop
  endfacet
  facet normal 9.666601e-01 2.871483e-04 2.560628e-01
    outer loop
      vertex   -1.480446e+02 -3.910000e+02 2.706663e+02
      vertex   -1.481770e+02 -3.910000e+02 2.711663e+02
      vertex   -1.481639e+02 -4.020000e+02 2.711289e+02
    endloop
  endfacet
  facet normal 9.150968e-01 -2.752615e-04 4.032342e-01
    outer loop
      vertex   -1.481639e+02 -4.020000e+02 2.711289e+02
      vertex   -1.481770e+02 -3.910000e+02 2.711663e+02
      vertex   -1.483645e+02 -4.020000e+02 2.715842e+02
    endloop
  endfacet
  facet normal 9.083066e-01 4.128884e-04 4.183049e-01
    outer loop
      vertex   -1.483645e+02 -4.020000e+02 2.715842e+02
      vertex   -1.481770e+02 -3.910000e+02 2.711663e+02
      vertex   -1.483934e+02 -3.910000e+02 2.716362e+02
    endloop
  endfacet
  facet normal 8.358770e-01 -3.950539e-04 5.489167e-01
    outer loop
      vertex   -1.483645e+02 -4.020000e+02 2.715842e+02
      vertex   -1.483934e+02 -3.910000e+02 2.716362e+02
      vertex   -1.486375e+02 -4.020000e+02 2.720000e+02
    endloop
  endfacet
  facet normal 8.229512e-01 5.267317e-04 5.681118e-01
    outer loop
      vertex   -1.486375e+02 -4.020000e+02 2.720000e+02
      vertex   -1.483934e+02 -3.910000e+02 2.716362e+02
      vertex   -1.486873e+02 -3.910000e+02 2.720618e+02
    endloop
  endfacet
  facet normal 7.558395e-01 -2.636409e-04 6.547569e-01
    outer loop
      vertex   -1.486375e+02 -4.020000e+02 2.720000e+02
      vertex   -1.486873e+02 -3.910000e+02 2.720618e+02
      vertex   -1.488299e+02 -4.019917e+02 2.722221e+02
    endloop
  endfacet
  facet normal 7.131313e-01 9.653095e-04 7.010298e-01
    outer loop
      vertex   -1.488299e+02 -4.019917e+02 2.722221e+02
      vertex   -1.486873e+02 -3.910000e+02 2.720618e+02
      vertex   -1.490499e+02 -3.910000e+02 2.724307e+02
    endloop
  endfacet
  facet normal 6.880037e-01 -5.864824e-06 7.257072e-01
    outer loop
      vertex   -1.488299e+02 -4.019917e+02 2.722221e+02
      vertex   -1.490499e+02 -3.910000e+02 2.724307e+02
      vertex   -1.490445e+02 -4.019695e+02 2.724255e+02
    endloop
  endfacet
  facet normal 6.139734e-01 -7.190138e-05 7.893267e-01
    outer loop
      vertex   -1.490445e+02 -4.019695e+02 2.724255e+02
      vertex   -1.490499e+02 -3.910000e+02 2.724307e+02
      vertex   -1.492789e+02 -4.019377e+02 2.726078e+02
    endloop
  endfacet
  facet normal 5.821120e-01 9.803348e-04 8.131081e-01
    outer loop
      vertex   -1.492789e+02 -4.019377e+02 2.726078e+02
      vertex   -1.490499e+02 -3.910000e+02 2.724307e+02
      vertex   -1.494705e+02 -3.910000e+02 2.727318e+02
    endloop
  endfacet
  facet normal 5.332022e-01 -2.489736e-04 8.459878e-01
    outer loop
      vertex   -1.492789e+02 -4.019377e+02 2.726078e+02
      vertex   -1.494705e+02 -3.910000e+02 2.727318e+02
      vertex   -1.495305e+02 -4.019004e+02 2.727665e+02
    endloop
  endfacet
  facet normal 4.452192e-01 3.930868e-04 8.954215e-01
    outer loop
      vertex   -1.495305e+02 -4.019004e+02 2.727665e+02
      vertex   -1.494705e+02 -3.910000e+02 2.727318e+02
      vertex   -1.497971e+02 -4.018625e+02 2.728990e+02
    endloop
  endfacet
  facet normal 4.337878e-01 8.228994e-04 9.010147e-01
    outer loop
      vertex   -1.497971e+02 -4.018625e+02 2.728990e+02
      vertex   -1.494705e+02 -3.910000e+02 2.727318e+02
      vertex   -1.499365e+02 -3.910000e+02 2.729562e+02
    endloop
  endfacet
  facet normal 3.532773e-01 -3.921826e-04 9.355186e-01
    outer loop
      vertex   -1.497971e+02 -4.018625e+02 2.728990e+02
      vertex   -1.499365e+02 -3.910000e+02 2.729562e+02
      vertex   -1.500756e+02 -4.018280e+02 2.730041e+02
    endloop
  endfacet
  facet normal 2.725682e-01 7.623495e-04 9.621362e-01
    outer loop
      vertex   -1.500756e+02 -4.018280e+02 2.730041e+02
      vertex   -1.499365e+02 -3.910000e+02 2.729562e+02
      vertex   -1.504342e+02 -3.910000e+02 2.730972e+02
    endloop
  endfacet
  facet normal 2.603680e-01 3.293344e-04 9.655094e-01
    outer loop
      vertex   -1.500756e+02 -4.018280e+02 2.730041e+02
      vertex   -1.504342e+02 -3.910000e+02 2.730972e+02
      vertex   -1.503623e+02 -4.017995e+02 2.730815e+02
    endloop
  endfacet
  facet normal 1.656638e-01 -3.305448e-04 9.861822e-01
    outer loop
      vertex   -1.503623e+02 -4.017995e+02 2.730815e+02
      vertex   -1.504342e+02 -3.910000e+02 2.730972e+02
      vertex   -1.506537e+02 -4.017796e+02 2.731304e+02
    endloop
  endfacet
  facet normal 1.036829e-01 9.578389e-04 9.946099e-01
    outer loop
      vertex   -1.506537e+02 -4.017796e+02 2.731304e+02
      vertex   -1.504342e+02 -3.910000e+02 2.730972e+02
      vertex   -1.509460e+02 -3.910000e+02 2.731505e+02
    endloop
  endfacet
  facet normal 6.849916e-02 -1.878162e-06 9.976512e-01
    outer loop
      vertex   -1.506537e+02 -4.017796e+02 2.731304e+02
      vertex   -1.509460e+02 -3.910000e+02 2.731505e+02
      vertex   -1.509460e+02 -4.017707e+02 2.731505e+02
    endloop
  endfacet
  facet normal -3.162843e-02 -1.878250e-06 9.994997e-01
    outer loop
      vertex   -1.509460e+02 -4.017707e+02 2.731505e+02
      vertex   -1.509460e+02 -3.910000e+02 2.731505e+02
      vertex   -1.512379e+02 -4.017748e+02 2.731413e+02
    endloop
  endfacet
  facet normal -6.870746e-02 1.003981e-03 9.976363e-01
    outer loop
      vertex   -1.512379e+02 -4.017748e+02 2.731413e+02
      vertex   -1.509460e+02 -3.910000e+02 2.731505e+02
      vertex   -1.514647e+02 -3.910000e+02 2.731148e+02
    endloop
  endfacet
  facet normal -1.299948e-01 -3.012184e-04 9.915146e-01
    outer loop
      vertex   -1.512379e+02 -4.017748e+02 2.731413e+02
      vertex   -1.514647e+02 -3.910000e+02 2.731148e+02
      vertex   -1.515300e+02 -4.017910e+02 2.731030e+02
    endloop
  endfacet
  facet normal -2.255166e-01 2.959917e-04 9.742393e-01
    outer loop
      vertex   -1.515300e+02 -4.017910e+02 2.731030e+02
      vertex   -1.514647e+02 -3.910000e+02 2.731148e+02
      vertex   -1.518189e+02 -4.018166e+02 2.730361e+02
    endloop
  endfacet
  facet normal -2.394823e-01 7.776458e-04 9.709004e-01
    outer loop
      vertex   -1.518189e+02 -4.018166e+02 2.730361e+02
      vertex   -1.514647e+02 -3.910000e+02 2.731148e+02
      vertex   -1.519669e+02 -3.910000e+02 2.729909e+02
    endloop
  endfacet
  facet normal -3.189640e-01 -4.062394e-04 9.477667e-01
    outer loop
      vertex   -1.518189e+02 -4.018166e+02 2.730361e+02
      vertex   -1.519669e+02 -3.910000e+02 2.729909e+02
      vertex   -1.521009e+02 -4.018492e+02 2.729412e+02
    endloop
  endfacet
  facet normal -4.026992e-01 7.768981e-04 9.153320e-01
    outer loop
      vertex   -1.521009e+02 -4.018492e+02 2.729412e+02
      vertex   -1.519669e+02 -3.910000e+02 2.729909e+02
      vertex   -1.524403e+02 -3.910000e+02 2.727826e+02
    endloop
  endfacet
  facet normal -4.113115e-01 4.513700e-04 9.114947e-01
    outer loop
      vertex   -1.521009e+02 -4.018492e+02 2.729412e+02
      vertex   -1.524403e+02 -3.910000e+02 2.727826e+02
      vertex   -1.523723e+02 -4.018861e+02 2.728187e+02
    endloop
  endfacet
  facet normal -5.009343e-01 -2.613020e-04 8.654853e-01
    outer loop
      vertex   -1.523723e+02 -4.018861e+02 2.728187e+02
      vertex   -1.524403e+02 -3.910000e+02 2.727826e+02
      vertex   -1.526298e+02 -4.019243e+02 2.726697e+02
    endloop
  endfacet
  facet normal -5.843049e-01 1.742653e-03 8.115324e-01
    outer loop
      vertex   -1.526298e+02 -4.019243e+02 2.726697e+02
      vertex   -1.524403e+02 -3.910000e+02 2.727826e+02
      vertex   -1.528710e+02 -4.019587e+02 2.724961e+02
    endloop
  endfacet
  facet normal -5.539451e-01 -4.250193e-19 8.325532e-01
    outer loop
      vertex   -1.528710e+02 -4.019587e+02 2.724961e+02
      vertex   -1.524403e+02 -3.910000e+02 2.727826e+02
      vertex   -1.524403e+02 -3.800000e+02 2.727826e+02
    endloop
  endfacet
  facet normal -5.415572e-01 -3.487736e-04 8.406638e-01
    outer loop
      vertex   -1.528710e+02 -4.019587e+02 2.724961e+02
      vertex   -1.524403e+02 -3.800000e+02 2.727826e+02
      vertex   -1.526298e+02 -3.580757e+02 2.726697e+02
    endloop
  endfacet
  facet normal -5.120918e-01 -3.244736e-19 8.589307e-01
    outer loop
      vertex   -1.526298e+02 -3.580757e+02 2.726697e+02
      vertex   -1.524403e+02 -3.800000e+02 2.727826e+02
      vertex   -1.524403e+02 -3.690000e+02 2.727826e+02
    endloop
  endfacet
  facet normal -5.009343e-01 2.613020e-04 8.654853e-01
    outer loop
      vertex   -1.526298e+02 -3.580757e+02 2.726697e+02
      vertex   -1.524403e+02 -3.690000e+02 2.727826e+02
      vertex   -1.523723e+02 -3.581139e+02 2.728187e+02
    endloop
  endfacet
  facet normal -4.113115e-01 -4.513700e-04 9.114947e-01
    outer loop
      vertex   -1.523723e+02 -3.581139e+02 2.728187e+02
      vertex   -1.524403e+02 -3.690000e+02 2.727826e+02
      vertex   -1.521009e+02 -3.581509e+02 2.729412e+02
    endloop
  endfacet
  facet normal -4.026992e-01 -7.768981e-04 9.153320e-01
    outer loop
      vertex   -1.521009e+02 -3.581509e+02 2.729412e+02
      vertex   -1.524403e+02 -3.690000e+02 2.727826e+02
      vertex   -1.519669e+02 -3.690000e+02 2.729909e+02
    endloop
  endfacet
  facet normal -3.189640e-01 4.062394e-04 9.477667e-01
    outer loop
      vertex   -1.521009e+02 -3.581509e+02 2.729412e+02
      vertex   -1.519669e+02 -3.690000e+02 2.729909e+02
      vertex   -1.518189e+02 -3.581834e+02 2.730361e+02
    endloop
  endfacet
  facet normal -2.394823e-01 -7.776458e-04 9.709004e-01
    outer loop
      vertex   -1.518189e+02 -3.581834e+02 2.730361e+02
      vertex   -1.519669e+02 -3.690000e+02 2.729909e+02
      vertex   -1.514647e+02 -3.690000e+02 2.731148e+02
    endloop
  endfacet
  facet normal -2.255166e-01 -2.959917e-04 9.742393e-01
    outer loop
      vertex   -1.518189e+02 -3.581834e+02 2.730361e+02
      vertex   -1.514647e+02 -3.690000e+02 2.731148e+02
      vertex   -1.515300e+02 -3.582090e+02 2.731030e+02
    endloop
  endfacet
  facet normal -1.299948e-01 3.012184e-04 9.915146e-01
    outer loop
      vertex   -1.515300e+02 -3.582090e+02 2.731030e+02
      vertex   -1.514647e+02 -3.690000e+02 2.731148e+02
      vertex   -1.512379e+02 -3.582252e+02 2.731413e+02
    endloop
  endfacet
  facet normal -6.870746e-02 -1.003981e-03 9.976363e-01
    outer loop
      vertex   -1.512379e+02 -3.582252e+02 2.731413e+02
      vertex   -1.514647e+02 -3.690000e+02 2.731148e+02
      vertex   -1.509460e+02 -3.690000e+02 2.731505e+02
    endloop
  endfacet
  facet normal -3.162843e-02 1.878250e-06 9.994997e-01
    outer loop
      vertex   -1.512379e+02 -3.582252e+02 2.731413e+02
      vertex   -1.509460e+02 -3.690000e+02 2.731505e+02
      vertex   -1.509460e+02 -3.582294e+02 2.731505e+02
    endloop
  endfacet
  facet normal 6.849916e-02 1.878162e-06 9.976512e-01
    outer loop
      vertex   -1.509460e+02 -3.582294e+02 2.731505e+02
      vertex   -1.509460e+02 -3.690000e+02 2.731505e+02
      vertex   -1.506537e+02 -3.582204e+02 2.731304e+02
    endloop
  endfacet
  facet normal 1.036829e-01 -9.578389e-04 9.946099e-01
    outer loop
      vertex   -1.506537e+02 -3.582204e+02 2.731304e+02
      vertex   -1.509460e+02 -3.690000e+02 2.731505e+02
      vertex   -1.504342e+02 -3.690000e+02 2.730972e+02
    endloop
  endfacet
  facet normal 1.656638e-01 3.305448e-04 9.861822e-01
    outer loop
      vertex   -1.506537e+02 -3.582204e+02 2.731304e+02
      vertex   -1.504342e+02 -3.690000e+02 2.730972e+02
      vertex   -1.503623e+02 -3.582005e+02 2.730815e+02
    endloop
  endfacet
  facet normal 2.603680e-01 -3.293344e-04 9.655094e-01
    outer loop
      vertex   -1.503623e+02 -3.582005e+02 2.730815e+02
      vertex   -1.504342e+02 -3.690000e+02 2.730972e+02
      vertex   -1.500756e+02 -3.581720e+02 2.730041e+02
    endloop
  endfacet
  facet normal 2.725682e-01 -7.623495e-04 9.621362e-01
    outer loop
      vertex   -1.500756e+02 -3.581720e+02 2.730041e+02
      vertex   -1.504342e+02 -3.690000e+02 2.730972e+02
      vertex   -1.499365e+02 -3.690000e+02 2.729562e+02
    endloop
  endfacet
  facet normal 3.532773e-01 3.921826e-04 9.355186e-01
    outer loop
      vertex   -1.500756e+02 -3.581720e+02 2.730041e+02
      vertex   -1.499365e+02 -3.690000e+02 2.729562e+02
      vertex   -1.497971e+02 -3.581375e+02 2.728990e+02
    endloop
  endfacet
  facet normal 4.337878e-01 -8.228994e-04 9.010147e-01
    outer loop
      vertex   -1.497971e+02 -3.581375e+02 2.728990e+02
      vertex   -1.499365e+02 -3.690000e+02 2.729562e+02
      vertex   -1.494705e+02 -3.690000e+02 2.727318e+02
    endloop
  endfacet
  facet normal 4.452192e-01 -3.930868e-04 8.954215e-01
    outer loop
      vertex   -1.497971e+02 -3.581375e+02 2.728990e+02
      vertex   -1.494705e+02 -3.690000e+02 2.727318e+02
      vertex   -1.495305e+02 -3.580996e+02 2.727665e+02
    endloop
  endfacet
  facet normal 5.332022e-01 2.489736e-04 8.459878e-01
    outer loop
      vertex   -1.495305e+02 -3.580996e+02 2.727665e+02
      vertex   -1.494705e+02 -3.690000e+02 2.727318e+02
      vertex   -1.492789e+02 -3.580624e+02 2.726078e+02
    endloop
  endfacet
  facet normal 5.821120e-01 -9.803348e-04 8.131081e-01
    outer loop
      vertex   -1.492789e+02 -3.580624e+02 2.726078e+02
      vertex   -1.494705e+02 -3.690000e+02 2.727318e+02
      vertex   -1.490499e+02 -3.690000e+02 2.724307e+02
    endloop
  endfacet
  facet normal 6.139734e-01 7.190138e-05 7.893267e-01
    outer loop
      vertex   -1.492789e+02 -3.580624e+02 2.726078e+02
      vertex   -1.490499e+02 -3.690000e+02 2.724307e+02
      vertex   -1.490445e+02 -3.580305e+02 2.724255e+02
    endloop
  endfacet
  facet normal 6.880037e-01 5.864824e-06 7.257072e-01
    outer loop
      vertex   -1.490445e+02 -3.580305e+02 2.724255e+02
      vertex   -1.490499e+02 -3.690000e+02 2.724307e+02
      vertex   -1.488299e+02 -3.580083e+02 2.722221e+02
    endloop
  endfacet
  facet normal 7.131313e-01 -9.653095e-04 7.010298e-01
    outer loop
      vertex   -1.488299e+02 -3.580083e+02 2.722221e+02
      vertex   -1.490499e+02 -3.690000e+02 2.724307e+02
      vertex   -1.486873e+02 -3.690000e+02 2.720618e+02
    endloop
  endfacet
  facet normal -5.841420e-01 1.512107e-19 8.116515e-01
    outer loop
      vertex   -1.526298e+02 -3.580757e+02 2.726697e+02
      vertex   -1.528710e+02 -3.580413e+02 2.724961e+02
      vertex   -1.528710e+02 -4.019587e+02 2.724961e+02
    endloop
  endfacet
  facet normal 9.691522e-01 -1.435749e-04 2.464630e-01
    outer loop
      vertex   -1.481639e+02 -4.020000e+02 2.711289e+02
      vertex   -1.480412e+02 -4.020000e+02 2.706468e+02
      vertex   -1.480446e+02 -3.910000e+02 2.706663e+02
    endloop
  endfacet
  facet normal 9.955029e-01 1.341330e-04 9.473103e-02
    outer loop
      vertex   -1.480446e+02 -3.910000e+02 2.706663e+02
      vertex   -1.480412e+02 -4.020000e+02 2.706468e+02
      vertex   -1.480000e+02 -3.580000e+02 2.701510e+02
    endloop
  endfacet
  facet normal 9.965567e-01 -3.685763e-20 8.291437e-02
    outer loop
      vertex   -1.480412e+02 -4.020000e+02 2.706468e+02
      vertex   -1.480000e+02 -4.020000e+02 2.701510e+02
      vertex   -1.480000e+02 -3.580000e+02 2.701510e+02
    endloop
  endfacet
  facet normal 8.229514e-01 -0.000000e+00 5.681118e-01
    outer loop
      vertex   -1.483934e+02 -3.910000e+02 2.716362e+02
      vertex   -1.483934e+02 -3.800000e+02 2.716362e+02
      vertex   -1.486873e+02 -3.910000e+02 2.720618e+02
    endloop
  endfacet
  facet normal 8.229514e-01 -0.000000e+00 5.681118e-01
    outer loop
      vertex   -1.486873e+02 -3.910000e+02 2.720618e+02
      vertex   -1.483934e+02 -3.800000e+02 2.716362e+02
      vertex   -1.486873e+02 -3.800000e+02 2.720618e+02
    endloop
  endfacet
  facet normal 7.131317e-01 -0.000000e+00 7.010301e-01
    outer loop
      vertex   -1.486873e+02 -3.910000e+02 2.720618e+02
      vertex   -1.486873e+02 -3.800000e+02 2.720618e+02
      vertex   -1.490499e+02 -3.910000e+02 2.724307e+02
    endloop
  endfacet
  facet normal 7.131317e-01 -0.000000e+00 7.010301e-01
    outer loop
      vertex   -1.490499e+02 -3.910000e+02 2.724307e+02
      vertex   -1.486873e+02 -3.800000e+02 2.720618e+02
      vertex   -1.490499e+02 -3.800000e+02 2.724307e+02
    endloop
  endfacet
  facet normal 5.821122e-01 -0.000000e+00 8.131084e-01
    outer loop
      vertex   -1.490499e+02 -3.910000e+02 2.724307e+02
      vertex   -1.490499e+02 -3.800000e+02 2.724307e+02
      vertex   -1.494705e+02 -3.910000e+02 2.727318e+02
    endloop
  endfacet
  facet normal 5.821122e-01 -0.000000e+00 8.131084e-01
    outer loop
      vertex   -1.494705e+02 -3.910000e+02 2.727318e+02
      vertex   -1.490499e+02 -3.800000e+02 2.724307e+02
      vertex   -1.494705e+02 -3.800000e+02 2.727318e+02
    endloop
  endfacet
  facet normal 4.337880e-01 -0.000000e+00 9.010150e-01
    outer loop
      vertex   -1.494705e+02 -3.910000e+02 2.727318e+02
      vertex   -1.494705e+02 -3.800000e+02 2.727318e+02
      vertex   -1.499365e+02 -3.910000e+02 2.729562e+02
    endloop
  endfacet
  facet normal 4.337880e-01 -0.000000e+00 9.010150e-01
    outer loop
      vertex   -1.499365e+02 -3.910000e+02 2.729562e+02
      vertex   -1.494705e+02 -3.800000e+02 2.727318e+02
      vertex   -1.499365e+02 -3.800000e+02 2.729562e+02
    endloop
  endfacet
  facet normal 2.725683e-01 -0.000000e+00 9.621365e-01
    outer loop
      vertex   -1.499365e+02 -3.910000e+02 2.729562e+02
      vertex   -1.499365e+02 -3.800000e+02 2.729562e+02
      vertex   -1.504342e+02 -3.910000e+02 2.730972e+02
    endloop
  endfacet
  facet normal 2.725683e-01 -0.000000e+00 9.621365e-01
    outer loop
      vertex   -1.504342e+02 -3.910000e+02 2.730972e+02
      vertex   -1.499365e+02 -3.800000e+02 2.729562e+02
      vertex   -1.504342e+02 -3.800000e+02 2.730972e+02
    endloop
  endfacet
  facet normal 1.036830e-01 -0.000000e+00 9.946104e-01
    outer loop
      vertex   -1.504342e+02 -3.910000e+02 2.730972e+02
      vertex   -1.504342e+02 -3.800000e+02 2.730972e+02
      vertex   -1.509460e+02 -3.910000e+02 2.731505e+02
    endloop
  endfacet
  facet normal 1.036830e-01 -0.000000e+00 9.946104e-01
    outer loop
      vertex   -1.509460e+02 -3.910000e+02 2.731505e+02
      vertex   -1.504342e+02 -3.800000e+02 2.730972e+02
      vertex   -1.509460e+02 -3.800000e+02 2.731505e+02
    endloop
  endfacet
  facet normal -6.870750e-02 0.000000e+00 9.976368e-01
    outer loop
      vertex   -1.509460e+02 -3.910000e+02 2.731505e+02
      vertex   -1.509460e+02 -3.800000e+02 2.731505e+02
      vertex   -1.514647e+02 -3.910000e+02 2.731148e+02
    endloop
  endfacet
  facet normal -6.870750e-02 0.000000e+00 9.976368e-01
    outer loop
      vertex   -1.514647e+02 -3.910000e+02 2.731148e+02
      vertex   -1.509460e+02 -3.800000e+02 2.731505e+02
      vertex   -1.514647e+02 -3.800000e+02 2.731148e+02
    endloop
  endfacet
  facet normal -2.394823e-01 0.000000e+00 9.709007e-01
    outer loop
      vertex   -1.514647e+02 -3.910000e+02 2.731148e+02
      vertex   -1.514647e+02 -3.800000e+02 2.731148e+02
      vertex   -1.519669e+02 -3.910000e+02 2.729909e+02
    endloop
  endfacet
  facet normal -2.394823e-01 0.000000e+00 9.709007e-01
    outer loop
      vertex   -1.519669e+02 -3.910000e+02 2.729909e+02
      vertex   -1.514647e+02 -3.800000e+02 2.731148e+02
      vertex   -1.519669e+02 -3.800000e+02 2.729909e+02
    endloop
  endfacet
  facet normal -4.026993e-01 0.000000e+00 9.153323e-01
    outer loop
      vertex   -1.519669e+02 -3.910000e+02 2.729909e+02
      vertex   -1.519669e+02 -3.800000e+02 2.729909e+02
      vertex   -1.524403e+02 -3.910000e+02 2.727826e+02
    endloop
  endfacet
  facet normal -4.026993e-01 0.000000e+00 9.153323e-01
    outer loop
      vertex   -1.524403e+02 -3.910000e+02 2.727826e+02
      vertex   -1.519669e+02 -3.800000e+02 2.729909e+02
      vertex   -1.524403e+02 -3.800000e+02 2.727826e+02
    endloop
  endfacet
  facet normal 8.229514e-01 -0.000000e+00 5.681118e-01
    outer loop
      vertex   -1.483934e+02 -3.800000e+02 2.716362e+02
      vertex   -1.483934e+02 -3.690000e+02 2.716362e+02
      vertex   -1.486873e+02 -3.800000e+02 2.720618e+02
    endloop
  endfacet
  facet normal 8.229514e-01 -0.000000e+00 5.681118e-01
    outer loop
      vertex   -1.486873e+02 -3.800000e+02 2.720618e+02
      vertex   -1.483934e+02 -3.690000e+02 2.716362e+02
      vertex   -1.486873e+02 -3.690000e+02 2.720618e+02
    endloop
  endfacet
  facet normal 7.131317e-01 -0.000000e+00 7.010301e-01
    outer loop
      vertex   -1.486873e+02 -3.800000e+02 2.720618e+02
      vertex   -1.486873e+02 -3.690000e+02 2.720618e+02
      vertex   -1.490499e+02 -3.800000e+02 2.724307e+02
    endloop
  endfacet
  facet normal 7.131317e-01 -0.000000e+00 7.010301e-01
    outer loop
      vertex   -1.490499e+02 -3.800000e+02 2.724307e+02
      vertex   -1.486873e+02 -3.690000e+02 2.720618e+02
      vertex   -1.490499e+02 -3.690000e+02 2.724307e+02
    endloop
  endfacet
  facet normal 5.821122e-01 -0.000000e+00 8.131084e-01
    outer loop
      vertex   -1.490499e+02 -3.800000e+02 2.724307e+02
      vertex   -1.490499e+02 -3.690000e+02 2.724307e+02
      vertex   -1.494705e+02 -3.800000e+02 2.727318e+02
    endloop
  endfacet
  facet normal 5.821122e-01 -0.000000e+00 8.131084e-01
    outer loop
      vertex   -1.494705e+02 -3.800000e+02 2.727318e+02
      vertex   -1.490499e+02 -3.690000e+02 2.724307e+02
      vertex   -1.494705e+02 -3.690000e+02 2.727318e+02
    endloop
  endfacet
  facet normal 4.337880e-01 -0.000000e+00 9.010150e-01
    outer loop
      vertex   -1.494705e+02 -3.800000e+02 2.727318e+02
      vertex   -1.494705e+02 -3.690000e+02 2.727318e+02
      vertex   -1.499365e+02 -3.800000e+02 2.729562e+02
    endloop
  endfacet
  facet normal 4.337880e-01 -0.000000e+00 9.010150e-01
    outer loop
      vertex   -1.499365e+02 -3.800000e+02 2.729562e+02
      vertex   -1.494705e+02 -3.690000e+02 2.727318e+02
      vertex   -1.499365e+02 -3.690000e+02 2.729562e+02
    endloop
  endfacet
  facet normal 2.725683e-01 -0.000000e+00 9.621365e-01
    outer loop
      vertex   -1.499365e+02 -3.800000e+02 2.729562e+02
      vertex   -1.499365e+02 -3.690000e+02 2.729562e+02
      vertex   -1.504342e+02 -3.800000e+02 2.730972e+02
    endloop
  endfacet
  facet normal 2.725683e-01 -0.000000e+00 9.621365e-01
    outer loop
      vertex   -1.504342e+02 -3.800000e+02 2.730972e+02
      vertex   -1.499365e+02 -3.690000e+02 2.729562e+02
      vertex   -1.504342e+02 -3.690000e+02 2.730972e+02
    endloop
  endfacet
  facet normal 1.036830e-01 -0.000000e+00 9.946104e-01
    outer loop
      vertex   -1.504342e+02 -3.800000e+02 2.730972e+02
      vertex   -1.504342e+02 -3.690000e+02 2.730972e+02
      vertex   -1.509460e+02 -3.800000e+02 2.731505e+02
    endloop
  endfacet
  facet normal 1.036830e-01 -0.000000e+00 9.946104e-01
    outer loop
      vertex   -1.509460e+02 -3.800000e+02 2.731505e+02
      vertex   -1.504342e+02 -3.690000e+02 2.730972e+02
      vertex   -1.509460e+02 -3.690000e+02 2.731505e+02
    endloop
  endfacet
  facet normal -6.870750e-02 0.000000e+00 9.976368e-01
    outer loop
      vertex   -1.509460e+02 -3.800000e+02 2.731505e+02
      vertex   -1.509460e+02 -3.690000e+02 2.731505e+02
      vertex   -1.514647e+02 -3.800000e+02 2.731148e+02
    endloop
  endfacet
  facet normal -6.870750e-02 0.000000e+00 9.976368e-01
    outer loop
      vertex   -1.514647e+02 -3.800000e+02 2.731148e+02
      vertex   -1.509460e+02 -3.690000e+02 2.731505e+02
      vertex   -1.514647e+02 -3.690000e+02 2.731148e+02
    endloop
  endfacet
  facet normal -2.394823e-01 0.000000e+00 9.709007e-01
    outer loop
      vertex   -1.514647e+02 -3.800000e+02 2.731148e+02
      vertex   -1.514647e+02 -3.690000e+02 2.731148e+02
      vertex   -1.519669e+02 -3.800000e+02 2.729909e+02
    endloop
  endfacet
  facet normal -2.394823e-01 0.000000e+00 9.709007e-01
    outer loop
      vertex   -1.519669e+02 -3.800000e+02 2.729909e+02
      vertex   -1.514647e+02 -3.690000e+02 2.731148e+02
      vertex   -1.519669e+02 -3.690000e+02 2.729909e+02
    endloop
  endfacet
  facet normal -4.026993e-01 0.000000e+00 9.153323e-01
    outer loop
      vertex   -1.519669e+02 -3.800000e+02 2.729909e+02
      vertex   -1.519669e+02 -3.690000e+02 2.729909e+02
      vertex   -1.524403e+02 -3.800000e+02 2.727826e+02
    endloop
  endfacet
  facet normal -4.026993e-01 0.000000e+00 9.153323e-01
    outer loop
      vertex   -1.524403e+02 -3.800000e+02 2.727826e+02
      vertex   -1.519669e+02 -3.690000e+02 2.729909e+02
      vertex   -1.524403e+02 -3.690000e+02 2.727826e+02
    endloop
  endfacet
  facet normal 9.083067e-01 0.000000e+00 4.183049e-01
    outer loop
      vertex   -1.483934e+02 -3.800000e+02 2.716362e+02
      vertex   -1.483934e+02 -3.910000e+02 2.716362e+02
      vertex   -1.481770e+02 -3.800000e+02 2.711663e+02
    endloop
  endfacet
  facet normal 9.083067e-01 0.000000e+00 4.183049e-01
    outer loop
      vertex   -1.481770e+02 -3.800000e+02 2.711663e+02
      vertex   -1.483934e+02 -3.910000e+02 2.716362e+02
      vertex   -1.481770e+02 -3.910000e+02 2.711663e+02
    endloop
  endfacet
  facet normal 9.666601e-01 0.000000e+00 2.560628e-01
    outer loop
      vertex   -1.481770e+02 -3.800000e+02 2.711663e+02
      vertex   -1.481770e+02 -3.910000e+02 2.711663e+02
      vertex   -1.480446e+02 -3.800000e+02 2.706663e+02
    endloop
  endfacet
  facet normal 9.083067e-01 0.000000e+00 4.183049e-01
    outer loop
      vertex   -1.483934e+02 -3.690000e+02 2.716362e+02
      vertex   -1.483934e+02 -3.800000e+02 2.716362e+02
      vertex   -1.481770e+02 -3.690000e+02 2.711663e+02
    endloop
  endfacet
  facet normal 9.083067e-01 0.000000e+00 4.183049e-01
    outer loop
      vertex   -1.481770e+02 -3.690000e+02 2.711663e+02
      vertex   -1.483934e+02 -3.800000e+02 2.716362e+02
      vertex   -1.481770e+02 -3.800000e+02 2.711663e+02
    endloop
  endfacet
  facet normal 9.666601e-01 0.000000e+00 2.560628e-01
    outer loop
      vertex   -1.481770e+02 -3.690000e+02 2.711663e+02
      vertex   -1.481770e+02 -3.800000e+02 2.711663e+02
      vertex   -1.480446e+02 -3.690000e+02 2.706663e+02
    endloop
  endfacet
  facet normal 9.666601e-01 0.000000e+00 2.560628e-01
    outer loop
      vertex   -1.480446e+02 -3.690000e+02 2.706663e+02
      vertex   -1.481770e+02 -3.800000e+02 2.711663e+02
      vertex   -1.480446e+02 -3.800000e+02 2.706663e+02
    endloop
  endfacet
  facet normal 0.000000e+00 -9.992962e-01 3.751246e-02
    outer loop
      vertex   -1.486375e+02 -4.020000e+02 2.720000e+02
      vertex   -1.488299e+02 -4.019917e+02 2.722221e+02
      vertex   -1.535047e+02 -4.020000e+02 2.720000e+02
    endloop
  endfacet
  facet normal -2.303655e-03 -9.963019e-01 8.589117e-02
    outer loop
      vertex   -1.535047e+02 -4.020000e+02 2.720000e+02
      vertex   -1.488299e+02 -4.019917e+02 2.722221e+02
      vertex   -1.528710e+02 -4.019587e+02 2.724961e+02
    endloop
  endfacet
  facet normal -8.155658e-04 -9.941957e-01 1.075835e-01
    outer loop
      vertex   -1.528710e+02 -4.019587e+02 2.724961e+02
      vertex   -1.488299e+02 -4.019917e+02 2.722221e+02
      vertex   -1.490445e+02 -4.019695e+02 2.724255e+02
    endloop
  endfacet
  facet normal 4.065246e-04 -9.850176e-01 1.724531e-01
    outer loop
      vertex   -1.528710e+02 -4.019587e+02 2.724961e+02
      vertex   -1.490445e+02 -4.019695e+02 2.724255e+02
      vertex   -1.492789e+02 -4.019377e+02 2.726078e+02
    endloop
  endfacet
  facet normal -3.131164e-04 -9.808425e-01 1.948023e-01
    outer loop
      vertex   -1.528710e+02 -4.019587e+02 2.724961e+02
      vertex   -1.492789e+02 -4.019377e+02 2.726078e+02
      vertex   -1.526298e+02 -4.019243e+02 2.726697e+02
    endloop
  endfacet
  facet normal 3.465720e-04 -9.734366e-01 2.289563e-01
    outer loop
      vertex   -1.526298e+02 -4.019243e+02 2.726697e+02
      vertex   -1.492789e+02 -4.019377e+02 2.726078e+02
      vertex   -1.495305e+02 -4.019004e+02 2.727665e+02
    endloop
  endfacet
  facet normal -3.011505e-04 -9.686290e-01 2.485113e-01
    outer loop
      vertex   -1.526298e+02 -4.019243e+02 2.726697e+02
      vertex   -1.495305e+02 -4.019004e+02 2.727665e+02
      vertex   -1.523723e+02 -4.018861e+02 2.728187e+02
    endloop
  endfacet
  facet normal 2.382298e-04 -9.612127e-01 2.758081e-01
    outer loop
      vertex   -1.523723e+02 -4.018861e+02 2.728187e+02
      vertex   -1.495305e+02 -4.019004e+02 2.727665e+02
      vertex   -1.497971e+02 -4.018625e+02 2.728990e+02
    endloop
  endfacet
  facet normal -2.308250e-04 -9.571307e-01 2.896565e-01
    outer loop
      vertex   -1.523723e+02 -4.018861e+02 2.728187e+02
      vertex   -1.497971e+02 -4.018625e+02 2.728990e+02
      vertex   -1.521009e+02 -4.018492e+02 2.729412e+02
    endloop
  endfacet
  facet normal 2.219194e-04 -9.500386e-01 3.121325e-01
    outer loop
      vertex   -1.521009e+02 -4.018492e+02 2.729412e+02
      vertex   -1.497971e+02 -4.018625e+02 2.728990e+02
      vertex   -1.500756e+02 -4.018280e+02 2.730041e+02
    endloop
  endfacet
  facet normal -2.243486e-04 -9.457046e-01 3.250272e-01
    outer loop
      vertex   -1.521009e+02 -4.018492e+02 2.729412e+02
      vertex   -1.500756e+02 -4.018280e+02 2.730041e+02
      vertex   -1.518189e+02 -4.018166e+02 2.730361e+02
    endloop
  endfacet
  facet normal 2.142016e-04 -9.381358e-01 3.462675e-01
    outer loop
      vertex   -1.518189e+02 -4.018166e+02 2.730361e+02
      vertex   -1.500756e+02 -4.018280e+02 2.730041e+02
      vertex   -1.503623e+02 -4.017995e+02 2.730815e+02
    endloop
  endfacet
  facet normal -2.191140e-04 -9.335501e-01 3.584470e-01
    outer loop
      vertex   -1.518189e+02 -4.018166e+02 2.730361e+02
      vertex   -1.503623e+02 -4.017995e+02 2.730815e+02
      vertex   -1.515300e+02 -4.017910e+02 2.731030e+02
    endloop
  endfacet
  facet normal 2.057408e-04 -9.256407e-01 3.784037e-01
    outer loop
      vertex   -1.515300e+02 -4.017910e+02 2.731030e+02
      vertex   -1.503623e+02 -4.017995e+02 2.730815e+02
      vertex   -1.506537e+02 -4.017796e+02 2.731304e+02
    endloop
  endfacet
  facet normal -2.152667e-04 -9.208778e-01 3.898514e-01
    outer loop
      vertex   -1.515300e+02 -4.017910e+02 2.731030e+02
      vertex   -1.506537e+02 -4.017796e+02 2.731304e+02
      vertex   -1.512379e+02 -4.017748e+02 2.731413e+02
    endloop
  endfacet
  facet normal 1.852793e-04 -9.129806e-01 4.080030e-01
    outer loop
      vertex   -1.512379e+02 -4.017748e+02 2.731413e+02
      vertex   -1.506537e+02 -4.017796e+02 2.731304e+02
      vertex   -1.509460e+02 -4.017707e+02 2.731505e+02
    endloop
  endfacet
  facet normal -1.088045e-01 -1.986294e-04 9.940632e-01
    outer loop
      vertex   -1.749757e+02 -3.795156e+02 2.632911e+02
      vertex   -1.759361e+02 -3.580000e+02 2.631902e+02
      vertex   -1.750000e+02 -3.800000e+02 2.632883e+02
    endloop
  endfacet
  facet normal -1.041883e-01 1.345849e-16 9.945576e-01
    outer loop
      vertex   -1.750000e+02 -3.800000e+02 2.632883e+02
      vertex   -1.759361e+02 -3.580000e+02 2.631902e+02
      vertex   -1.759361e+02 -4.020000e+02 2.631902e+02
    endloop
  endfacet
  facet normal -1.088045e-01 1.986294e-04 9.940632e-01
    outer loop
      vertex   -1.750000e+02 -3.800000e+02 2.632883e+02
      vertex   -1.759361e+02 -4.020000e+02 2.631902e+02
      vertex   -1.749757e+02 -3.804844e+02 2.632911e+02
    endloop
  endfacet
  facet normal -1.131144e-01 3.932795e-04 9.935819e-01
    outer loop
      vertex   -1.749757e+02 -3.804844e+02 2.632911e+02
      vertex   -1.759361e+02 -4.020000e+02 2.631902e+02
      vertex   -1.749025e+02 -3.809755e+02 2.632996e+02
    endloop
  endfacet
  facet normal -1.166816e-01 5.707977e-04 9.931692e-01
    outer loop
      vertex   -1.749025e+02 -3.809755e+02 2.632996e+02
      vertex   -1.759361e+02 -4.020000e+02 2.631902e+02
      vertex   -1.739153e+02 -4.020000e+02 2.634277e+02
    endloop
  endfacet
  facet normal -1.167709e-01 5.665409e-04 9.931587e-01
    outer loop
      vertex   -1.749025e+02 -3.809755e+02 2.632996e+02
      vertex   -1.739153e+02 -4.020000e+02 2.634277e+02
      vertex   -1.747802e+02 -3.814639e+02 2.633143e+02
    endloop
  endfacet
  facet normal -1.212806e-01 3.736395e-04 9.926182e-01
    outer loop
      vertex   -1.747802e+02 -3.814639e+02 2.633143e+02
      vertex   -1.739153e+02 -4.020000e+02 2.634277e+02
      vertex   -1.746082e+02 -3.819401e+02 2.633354e+02
    endloop
  endfacet
  facet normal -1.262034e-01 2.007777e-04 9.920044e-01
    outer loop
      vertex   -1.746082e+02 -3.819401e+02 2.633354e+02
      vertex   -1.739153e+02 -4.020000e+02 2.634277e+02
      vertex   -1.743879e+02 -3.823954e+02 2.633636e+02
    endloop
  endfacet
  facet normal -1.320351e-01 5.772446e-05 9.912450e-01
    outer loop
      vertex   -1.743879e+02 -3.823954e+02 2.633636e+02
      vertex   -1.739153e+02 -4.020000e+02 2.634277e+02
      vertex   -1.741252e+02 -3.828230e+02 2.633986e+02
    endloop
  endfacet
  facet normal -1.384143e-01 -1.340614e-05 9.903744e-01
    outer loop
      vertex   -1.741252e+02 -3.828230e+02 2.633986e+02
      vertex   -1.739153e+02 -4.020000e+02 2.634277e+02
      vertex   -1.738272e+02 -3.832165e+02 2.634402e+02
    endloop
  endfacet
  facet normal -1.455520e-01 2.077268e-05 9.893506e-01
    outer loop
      vertex   -1.738272e+02 -3.832165e+02 2.634402e+02
      vertex   -1.739153e+02 -4.020000e+02 2.634277e+02
      vertex   -1.735008e+02 -3.835699e+02 2.634883e+02
    endloop
  endfacet
  facet normal -1.535686e-01 2.050894e-04 9.881380e-01
    outer loop
      vertex   -1.735008e+02 -3.835699e+02 2.634883e+02
      vertex   -1.739153e+02 -4.020000e+02 2.634277e+02
      vertex   -1.731392e+02 -3.838906e+02 2.635445e+02
    endloop
  endfacet
  facet normal -1.619997e-01 5.751320e-04 9.867906e-01
    outer loop
      vertex   -1.731392e+02 -3.838906e+02 2.635445e+02
      vertex   -1.739153e+02 -4.020000e+02 2.634277e+02
      vertex   -1.727405e+02 -3.841804e+02 2.636101e+02
    endloop
  endfacet
  facet normal -1.629966e-01 6.425447e-04 9.866264e-01
    outer loop
      vertex   -1.727405e+02 -3.841804e+02 2.636101e+02
      vertex   -1.739153e+02 -4.020000e+02 2.634277e+02
      vertex   -1.719078e+02 -4.020000e+02 2.637593e+02
    endloop
  endfacet
  facet normal -1.715696e-01 2.297861e-04 9.851720e-01
    outer loop
      vertex   -1.727405e+02 -3.841804e+02 2.636101e+02
      vertex   -1.719078e+02 -4.020000e+02 2.637593e+02
      vertex   -1.723110e+02 -3.844332e+02 2.636850e+02
    endloop
  endfacet
  facet normal -1.818759e-01 -1.455806e-05 9.833215e-01
    outer loop
      vertex   -1.723110e+02 -3.844332e+02 2.636850e+02
      vertex   -1.719078e+02 -4.020000e+02 2.637593e+02
      vertex   -1.718570e+02 -3.846424e+02 2.637690e+02
    endloop
  endfacet
  facet normal -1.929663e-01 1.910568e-05 9.812054e-01
    outer loop
      vertex   -1.718570e+02 -3.846424e+02 2.637690e+02
      vertex   -1.719078e+02 -4.020000e+02 2.637593e+02
      vertex   -1.713855e+02 -3.848033e+02 2.638617e+02
    endloop
  endfacet
  facet normal -2.036729e-01 3.571992e-04 9.790389e-01
    outer loop
      vertex   -1.713855e+02 -3.848033e+02 2.638617e+02
      vertex   -1.719078e+02 -4.020000e+02 2.637593e+02
      vertex   -1.709052e+02 -3.849160e+02 2.639616e+02
    endloop
  endfacet
  facet normal -2.089551e-01 6.803816e-04 9.779250e-01
    outer loop
      vertex   -1.709052e+02 -3.849160e+02 2.639616e+02
      vertex   -1.719078e+02 -4.020000e+02 2.637593e+02
      vertex   -1.699180e+02 -4.020000e+02 2.641845e+02
    endloop
  endfacet
  facet normal -2.142720e-01 3.581322e-04 9.767740e-01
    outer loop
      vertex   -1.709052e+02 -3.849160e+02 2.639616e+02
      vertex   -1.699180e+02 -4.020000e+02 2.641845e+02
      vertex   -1.704251e+02 -3.849812e+02 2.640670e+02
    endloop
  endfacet
  facet normal -2.252656e-01 1.346678e-05 9.742974e-01
    outer loop
      vertex   -1.704251e+02 -3.849812e+02 2.640670e+02
      vertex   -1.699180e+02 -4.020000e+02 2.641845e+02
      vertex   -1.699540e+02 -3.849998e+02 2.641759e+02
    endloop
  endfacet
  facet normal -2.367041e-01 -1.211421e-05 9.715818e-01
    outer loop
      vertex   -1.699540e+02 -3.849998e+02 2.641759e+02
      vertex   -1.699180e+02 -4.020000e+02 2.641845e+02
      vertex   -1.694824e+02 -3.849723e+02 2.642908e+02
    endloop
  endfacet
  facet normal -2.475183e-01 2.814251e-04 9.688832e-01
    outer loop
      vertex   -1.694824e+02 -3.849723e+02 2.642908e+02
      vertex   -1.699180e+02 -4.020000e+02 2.641845e+02
      vertex   -1.690058e+02 -3.848988e+02 2.644125e+02
    endloop
  endfacet
  facet normal -2.544564e-01 6.755098e-04 9.670840e-01
    outer loop
      vertex   -1.690058e+02 -3.848988e+02 2.644125e+02
      vertex   -1.699180e+02 -4.020000e+02 2.641845e+02
      vertex   -1.679503e+02 -4.020000e+02 2.647022e+02
    endloop
  endfacet
  facet normal -2.580397e-01 4.382499e-04 9.661342e-01
    outer loop
      vertex   -1.690058e+02 -3.848988e+02 2.644125e+02
      vertex   -1.679503e+02 -4.020000e+02 2.647022e+02
      vertex   -1.685326e+02 -3.847791e+02 2.645389e+02
    endloop
  endfacet
  facet normal -2.686447e-01 5.223341e-05 9.632394e-01
    outer loop
      vertex   -1.685326e+02 -3.847791e+02 2.645389e+02
      vertex   -1.679503e+02 -4.020000e+02 2.647022e+02
      vertex   -1.680707e+02 -3.846128e+02 2.646677e+02
    endloop
  endfacet
  facet normal -2.794576e-01 -2.877798e-05 9.601580e-01
    outer loop
      vertex   -1.680707e+02 -3.846128e+02 2.646677e+02
      vertex   -1.679503e+02 -4.020000e+02 2.647022e+02
      vertex   -1.676280e+02 -3.844008e+02 2.647965e+02
    endloop
  endfacet
  facet normal -2.894258e-01 1.696003e-04 9.572004e-01
    outer loop
      vertex   -1.676280e+02 -3.844008e+02 2.647965e+02
      vertex   -1.679503e+02 -4.020000e+02 2.647022e+02
      vertex   -1.672104e+02 -3.841479e+02 2.649228e+02
    endloop
  endfacet
  facet normal -2.987523e-01 5.916074e-04 9.543305e-01
    outer loop
      vertex   -1.672104e+02 -3.841479e+02 2.649228e+02
      vertex   -1.679503e+02 -4.020000e+02 2.647022e+02
      vertex   -1.668233e+02 -3.838601e+02 2.650438e+02
    endloop
  endfacet
  facet normal -2.994009e-01 6.357361e-04 9.541272e-01
    outer loop
      vertex   -1.668233e+02 -3.838601e+02 2.650438e+02
      vertex   -1.679503e+02 -4.020000e+02 2.647022e+02
      vertex   -1.660089e+02 -4.020000e+02 2.653114e+02
    endloop
  endfacet
  facet normal -3.069840e-01 2.597176e-04 9.517146e-01
    outer loop
      vertex   -1.668233e+02 -3.838601e+02 2.650438e+02
      vertex   -1.660089e+02 -4.020000e+02 2.653114e+02
      vertex   -1.664722e+02 -3.835432e+02 2.651570e+02
    endloop
  endfacet
  facet normal -3.147941e-01 4.231694e-05 9.491600e-01
    outer loop
      vertex   -1.664722e+02 -3.835432e+02 2.651570e+02
      vertex   -1.660089e+02 -4.020000e+02 2.653114e+02
      vertex   -1.661541e+02 -3.831941e+02 2.652624e+02
    endloop
  endfacet
  facet normal -3.217318e-01 -1.729723e-05 9.468308e-01
    outer loop
      vertex   -1.661541e+02 -3.831941e+02 2.652624e+02
      vertex   -1.660089e+02 -4.020000e+02 2.653114e+02
      vertex   -1.658627e+02 -3.828052e+02 2.653615e+02
    endloop
  endfacet
  facet normal -3.278967e-01 3.519813e-05 9.447136e-01
    outer loop
      vertex   -1.658627e+02 -3.828052e+02 2.653615e+02
      vertex   -1.660089e+02 -4.020000e+02 2.653114e+02
      vertex   -1.656050e+02 -3.823824e+02 2.654509e+02
    endloop
  endfacet
  facet normal -3.335569e-01 1.658565e-04 9.427300e-01
    outer loop
      vertex   -1.656050e+02 -3.823824e+02 2.654509e+02
      vertex   -1.660089e+02 -4.020000e+02 2.653114e+02
      vertex   -1.653881e+02 -3.819314e+02 2.655275e+02
    endloop
  endfacet
  facet normal -3.383606e-01 3.329127e-04 9.410165e-01
    outer loop
      vertex   -1.653881e+02 -3.819314e+02 2.655275e+02
      vertex   -1.660089e+02 -4.020000e+02 2.653114e+02
      vertex   -1.652183e+02 -3.814589e+02 2.655884e+02
    endloop
  endfacet
  facet normal -3.436904e-01 5.641305e-04 9.390828e-01
    outer loop
      vertex   -1.652183e+02 -3.814589e+02 2.655884e+02
      vertex   -1.660089e+02 -4.020000e+02 2.653114e+02
      vertex   -1.640982e+02 -4.020000e+02 2.660107e+02
    endloop
  endfacet
  facet normal -3.429651e-01 6.091353e-04 9.393479e-01
    outer loop
      vertex   -1.652183e+02 -3.814589e+02 2.655884e+02
      vertex   -1.640982e+02 -4.020000e+02 2.660107e+02
      vertex   -1.650970e+02 -3.809732e+02 2.656324e+02
    endloop
  endfacet
  facet normal -3.465002e-01 4.178488e-04 9.380498e-01
    outer loop
      vertex   -1.650970e+02 -3.809732e+02 2.656324e+02
      vertex   -1.640982e+02 -4.020000e+02 2.660107e+02
      vertex   -1.650243e+02 -3.804838e+02 2.656591e+02
    endloop
  endfacet
  facet normal -3.506698e-01 2.130388e-04 9.364992e-01
    outer loop
      vertex   -1.650243e+02 -3.804838e+02 2.656591e+02
      vertex   -1.640982e+02 -4.020000e+02 2.660107e+02
      vertex   -1.650000e+02 -3.800000e+02 2.656680e+02
    endloop
  endfacet
  facet normal -3.552153e-01 -2.494696e-20 9.347845e-01
    outer loop
      vertex   -1.650000e+02 -3.800000e+02 2.656680e+02
      vertex   -1.640982e+02 -4.020000e+02 2.660107e+02
      vertex   -1.640982e+02 -3.580000e+02 2.660107e+02
    endloop
  endfacet
  facet normal -3.506698e-01 -2.130388e-04 9.364992e-01
    outer loop
      vertex   -1.650000e+02 -3.800000e+02 2.656680e+02
      vertex   -1.640982e+02 -3.580000e+02 2.660107e+02
      vertex   -1.650243e+02 -3.795162e+02 2.656591e+02
    endloop
  endfacet
  facet normal -3.465002e-01 -4.178488e-04 9.380498e-01
    outer loop
      vertex   -1.650243e+02 -3.795162e+02 2.656591e+02
      vertex   -1.640982e+02 -3.580000e+02 2.660107e+02
      vertex   -1.650970e+02 -3.790268e+02 2.656324e+02
    endloop
  endfacet
  facet normal -3.436904e-01 -5.699083e-04 9.390828e-01
    outer loop
      vertex   -1.650970e+02 -3.790268e+02 2.656324e+02
      vertex   -1.640982e+02 -3.580000e+02 2.660107e+02
      vertex   -1.660089e+02 -3.580000e+02 2.653114e+02
    endloop
  endfacet
  facet normal -3.426455e-01 -5.187640e-04 9.394646e-01
    outer loop
      vertex   -1.650970e+02 -3.790268e+02 2.656324e+02
      vertex   -1.660089e+02 -3.580000e+02 2.653114e+02
      vertex   -1.652183e+02 -3.785411e+02 2.655884e+02
    endloop
  endfacet
  facet normal -3.383606e-01 -3.329127e-04 9.410165e-01
    outer loop
      vertex   -1.652183e+02 -3.785411e+02 2.655884e+02
      vertex   -1.660089e+02 -3.580000e+02 2.653114e+02
      vertex   -1.653881e+02 -3.780686e+02 2.655275e+02
    endloop
  endfacet
  facet normal -3.335569e-01 -1.658565e-04 9.427300e-01
    outer loop
      vertex   -1.653881e+02 -3.780686e+02 2.655275e+02
      vertex   -1.660089e+02 -3.580000e+02 2.653114e+02
      vertex   -1.656050e+02 -3.776176e+02 2.654509e+02
    endloop
  endfacet
  facet normal -3.278967e-01 -3.519812e-05 9.447136e-01
    outer loop
      vertex   -1.656050e+02 -3.776176e+02 2.654509e+02
      vertex   -1.660089e+02 -3.580000e+02 2.653114e+02
      vertex   -1.658627e+02 -3.771948e+02 2.653615e+02
    endloop
  endfacet
  facet normal -3.217318e-01 1.729723e-05 9.468308e-01
    outer loop
      vertex   -1.658627e+02 -3.771948e+02 2.653615e+02
      vertex   -1.660089e+02 -3.580000e+02 2.653114e+02
      vertex   -1.661541e+02 -3.768059e+02 2.652624e+02
    endloop
  endfacet
  facet normal -3.147941e-01 -4.231694e-05 9.491600e-01
    outer loop
      vertex   -1.661541e+02 -3.768059e+02 2.652624e+02
      vertex   -1.660089e+02 -3.580000e+02 2.653114e+02
      vertex   -1.664722e+02 -3.764568e+02 2.651570e+02
    endloop
  endfacet
  facet normal -3.069840e-01 -2.597176e-04 9.517146e-01
    outer loop
      vertex   -1.664722e+02 -3.764568e+02 2.651570e+02
      vertex   -1.660089e+02 -3.580000e+02 2.653114e+02
      vertex   -1.668233e+02 -3.761399e+02 2.650438e+02
    endloop
  endfacet
  facet normal -2.994009e-01 -6.357361e-04 9.541272e-01
    outer loop
      vertex   -1.668233e+02 -3.761399e+02 2.650438e+02
      vertex   -1.660089e+02 -3.580000e+02 2.653114e+02
      vertex   -1.679503e+02 -3.580000e+02 2.647022e+02
    endloop
  endfacet
  facet normal -2.987523e-01 -5.916074e-04 9.543305e-01
    outer loop
      vertex   -1.668233e+02 -3.761399e+02 2.650438e+02
      vertex   -1.679503e+02 -3.580000e+02 2.647022e+02
      vertex   -1.672104e+02 -3.758521e+02 2.649228e+02
    endloop
  endfacet
  facet normal -2.894258e-01 -1.696003e-04 9.572004e-01
    outer loop
      vertex   -1.672104e+02 -3.758521e+02 2.649228e+02
      vertex   -1.679503e+02 -3.580000e+02 2.647022e+02
      vertex   -1.676280e+02 -3.755992e+02 2.647965e+02
    endloop
  endfacet
  facet normal -2.794576e-01 2.877798e-05 9.601580e-01
    outer loop
      vertex   -1.676280e+02 -3.755992e+02 2.647965e+02
      vertex   -1.679503e+02 -3.580000e+02 2.647022e+02
      vertex   -1.680707e+02 -3.753872e+02 2.646677e+02
    endloop
  endfacet
  facet normal -2.686447e-01 -5.223341e-05 9.632394e-01
    outer loop
      vertex   -1.680707e+02 -3.753872e+02 2.646677e+02
      vertex   -1.679503e+02 -3.580000e+02 2.647022e+02
      vertex   -1.685326e+02 -3.752209e+02 2.645389e+02
    endloop
  endfacet
  facet normal -2.580397e-01 -4.382499e-04 9.661342e-01
    outer loop
      vertex   -1.685326e+02 -3.752209e+02 2.645389e+02
      vertex   -1.679503e+02 -3.580000e+02 2.647022e+02
      vertex   -1.690058e+02 -3.751012e+02 2.644125e+02
    endloop
  endfacet
  facet normal -2.544564e-01 -6.755098e-04 9.670840e-01
    outer loop
      vertex   -1.690058e+02 -3.751012e+02 2.644125e+02
      vertex   -1.679503e+02 -3.580000e+02 2.647022e+02
      vertex   -1.699180e+02 -3.580000e+02 2.641845e+02
    endloop
  endfacet
  facet normal -2.475183e-01 -2.814251e-04 9.688832e-01
    outer loop
      vertex   -1.690058e+02 -3.751012e+02 2.644125e+02
      vertex   -1.699180e+02 -3.580000e+02 2.641845e+02
      vertex   -1.694824e+02 -3.750277e+02 2.642908e+02
    endloop
  endfacet
  facet normal -2.367041e-01 1.211421e-05 9.715818e-01
    outer loop
      vertex   -1.694824e+02 -3.750277e+02 2.642908e+02
      vertex   -1.699180e+02 -3.580000e+02 2.641845e+02
      vertex   -1.699540e+02 -3.750002e+02 2.641759e+02
    endloop
  endfacet
  facet normal -2.252656e-01 -1.346678e-05 9.742974e-01
    outer loop
      vertex   -1.699540e+02 -3.750002e+02 2.641759e+02
      vertex   -1.699180e+02 -3.580000e+02 2.641845e+02
      vertex   -1.704251e+02 -3.750188e+02 2.640670e+02
    endloop
  endfacet
  facet normal -2.142720e-01 -3.581322e-04 9.767740e-01
    outer loop
      vertex   -1.704251e+02 -3.750188e+02 2.640670e+02
      vertex   -1.699180e+02 -3.580000e+02 2.641845e+02
      vertex   -1.709052e+02 -3.750840e+02 2.639616e+02
    endloop
  endfacet
  facet normal -2.089551e-01 -6.803816e-04 9.779250e-01
    outer loop
      vertex   -1.709052e+02 -3.750840e+02 2.639616e+02
      vertex   -1.699180e+02 -3.580000e+02 2.641845e+02
      vertex   -1.719078e+02 -3.580000e+02 2.637593e+02
    endloop
  endfacet
  facet normal -2.036729e-01 -3.571992e-04 9.790389e-01
    outer loop
      vertex   -1.709052e+02 -3.750840e+02 2.639616e+02
      vertex   -1.719078e+02 -3.580000e+02 2.637593e+02
      vertex   -1.713855e+02 -3.751967e+02 2.638617e+02
    endloop
  endfacet
  facet normal -1.929663e-01 -1.910568e-05 9.812054e-01
    outer loop
      vertex   -1.713855e+02 -3.751967e+02 2.638617e+02
      vertex   -1.719078e+02 -3.580000e+02 2.637593e+02
      vertex   -1.718570e+02 -3.753577e+02 2.637690e+02
    endloop
  endfacet
  facet normal -1.818759e-01 1.455806e-05 9.833215e-01
    outer loop
      vertex   -1.718570e+02 -3.753577e+02 2.637690e+02
      vertex   -1.719078e+02 -3.580000e+02 2.637593e+02
      vertex   -1.723110e+02 -3.755668e+02 2.636850e+02
    endloop
  endfacet
  facet normal -1.715696e-01 -2.297861e-04 9.851720e-01
    outer loop
      vertex   -1.723110e+02 -3.755668e+02 2.636850e+02
      vertex   -1.719078e+02 -3.580000e+02 2.637593e+02
      vertex   -1.727405e+02 -3.758196e+02 2.636101e+02
    endloop
  endfacet
  facet normal -1.629966e-01 -6.425447e-04 9.866264e-01
    outer loop
      vertex   -1.727405e+02 -3.758196e+02 2.636101e+02
      vertex   -1.719078e+02 -3.580000e+02 2.637593e+02
      vertex   -1.739153e+02 -3.580000e+02 2.634277e+02
    endloop
  endfacet
  facet normal -1.619997e-01 -5.751319e-04 9.867906e-01
    outer loop
      vertex   -1.727405e+02 -3.758196e+02 2.636101e+02
      vertex   -1.739153e+02 -3.580000e+02 2.634277e+02
      vertex   -1.731392e+02 -3.761095e+02 2.635445e+02
    endloop
  endfacet
  facet normal -1.535686e-01 -2.050894e-04 9.881380e-01
    outer loop
      vertex   -1.731392e+02 -3.761095e+02 2.635445e+02
      vertex   -1.739153e+02 -3.580000e+02 2.634277e+02
      vertex   -1.735008e+02 -3.764301e+02 2.634883e+02
    endloop
  endfacet
  facet normal -1.455520e-01 -2.077268e-05 9.893506e-01
    outer loop
      vertex   -1.735008e+02 -3.764301e+02 2.634883e+02
      vertex   -1.739153e+02 -3.580000e+02 2.634277e+02
      vertex   -1.738272e+02 -3.767835e+02 2.634402e+02
    endloop
  endfacet
  facet normal -1.384143e-01 1.340614e-05 9.903744e-01
    outer loop
      vertex   -1.738272e+02 -3.767835e+02 2.634402e+02
      vertex   -1.739153e+02 -3.580000e+02 2.634277e+02
      vertex   -1.741252e+02 -3.771770e+02 2.633986e+02
    endloop
  endfacet
  facet normal -1.320351e-01 -5.772446e-05 9.912450e-01
    outer loop
      vertex   -1.741252e+02 -3.771770e+02 2.633986e+02
      vertex   -1.739153e+02 -3.580000e+02 2.634277e+02
      vertex   -1.743879e+02 -3.776046e+02 2.633636e+02
    endloop
  endfacet
  facet normal -1.262034e-01 -2.007777e-04 9.920044e-01
    outer loop
      vertex   -1.743879e+02 -3.776046e+02 2.633636e+02
      vertex   -1.739153e+02 -3.580000e+02 2.634277e+02
      vertex   -1.746082e+02 -3.780599e+02 2.633354e+02
    endloop
  endfacet
  facet normal -1.212806e-01 -3.736395e-04 9.926182e-01
    outer loop
      vertex   -1.746082e+02 -3.780599e+02 2.633354e+02
      vertex   -1.739153e+02 -3.580000e+02 2.634277e+02
      vertex   -1.747802e+02 -3.785361e+02 2.633143e+02
    endloop
  endfacet
  facet normal -1.167709e-01 -5.665409e-04 9.931587e-01
    outer loop
      vertex   -1.747802e+02 -3.785361e+02 2.633143e+02
      vertex   -1.739153e+02 -3.580000e+02 2.634277e+02
      vertex   -1.749025e+02 -3.790245e+02 2.632996e+02
    endloop
  endfacet
  facet normal -1.166816e-01 -5.707977e-04 9.931692e-01
    outer loop
      vertex   -1.749025e+02 -3.790245e+02 2.632996e+02
      vertex   -1.739153e+02 -3.580000e+02 2.634277e+02
      vertex   -1.759361e+02 -3.580000e+02 2.631902e+02
    endloop
  endfacet
  facet normal -1.131144e-01 -3.932795e-04 9.935819e-01
    outer loop
      vertex   -1.749025e+02 -3.790245e+02 2.632996e+02
      vertex   -1.759361e+02 -3.580000e+02 2.631902e+02
      vertex   -1.749757e+02 -3.795156e+02 2.632911e+02
    endloop
  endfacet
  facet normal 3.506698e-01 -2.130388e-04 9.364992e-01
    outer loop
      vertex   -1.949757e+02 -3.795162e+02 2.656591e+02
      vertex   -1.959018e+02 -3.580000e+02 2.660107e+02
      vertex   -1.950000e+02 -3.800000e+02 2.656680e+02
    endloop
  endfacet
  facet normal 3.552153e-01 2.494696e-20 9.347845e-01
    outer loop
      vertex   -1.950000e+02 -3.800000e+02 2.656680e+02
      vertex   -1.959018e+02 -3.580000e+02 2.660107e+02
      vertex   -1.959018e+02 -4.020000e+02 2.660107e+02
    endloop
  endfacet
  facet normal 3.506698e-01 2.130388e-04 9.364992e-01
    outer loop
      vertex   -1.950000e+02 -3.800000e+02 2.656680e+02
      vertex   -1.959018e+02 -4.020000e+02 2.660107e+02
      vertex   -1.949757e+02 -3.804838e+02 2.656591e+02
    endloop
  endfacet
  facet normal 3.436904e-01 5.556664e-04 9.390828e-01
    outer loop
      vertex   -1.949757e+02 -3.804838e+02 2.656591e+02
      vertex   -1.959018e+02 -4.020000e+02 2.660107e+02
      vertex   -1.939911e+02 -4.020000e+02 2.653114e+02
    endloop
  endfacet
  facet normal 3.489166e-01 8.260113e-04 9.371534e-01
    outer loop
      vertex   -1.949757e+02 -3.804838e+02 2.656591e+02
      vertex   -1.939911e+02 -4.020000e+02 2.653114e+02
      vertex   -1.949030e+02 -3.809732e+02 2.656324e+02
    endloop
  endfacet
  facet normal 3.426455e-01 5.187640e-04 9.394646e-01
    outer loop
      vertex   -1.949030e+02 -3.809732e+02 2.656324e+02
      vertex   -1.939911e+02 -4.020000e+02 2.653114e+02
      vertex   -1.947817e+02 -3.814589e+02 2.655884e+02
    endloop
  endfacet
  facet normal 3.383606e-01 3.329127e-04 9.410165e-01
    outer loop
      vertex   -1.947817e+02 -3.814589e+02 2.655884e+02
      vertex   -1.939911e+02 -4.020000e+02 2.653114e+02
      vertex   -1.946119e+02 -3.819314e+02 2.655275e+02
    endloop
  endfacet
  facet normal 3.335569e-01 1.658565e-04 9.427300e-01
    outer loop
      vertex   -1.946119e+02 -3.819314e+02 2.655275e+02
      vertex   -1.939911e+02 -4.020000e+02 2.653114e+02
      vertex   -1.943950e+02 -3.823824e+02 2.654509e+02
    endloop
  endfacet
  facet normal 3.278967e-01 3.519813e-05 9.447136e-01
    outer loop
      vertex   -1.943950e+02 -3.823824e+02 2.654509e+02
      vertex   -1.939911e+02 -4.020000e+02 2.653114e+02
      vertex   -1.941373e+02 -3.828052e+02 2.653615e+02
    endloop
  endfacet
  facet normal 3.217318e-01 -1.729723e-05 9.468308e-01
    outer loop
      vertex   -1.941373e+02 -3.828052e+02 2.653615e+02
      vertex   -1.939911e+02 -4.020000e+02 2.653114e+02
      vertex   -1.938459e+02 -3.831941e+02 2.652624e+02
    endloop
  endfacet
  facet normal 3.147941e-01 4.231694e-05 9.491600e-01
    outer loop
      vertex   -1.938459e+02 -3.831941e+02 2.652624e+02
      vertex   -1.939911e+02 -4.020000e+02 2.653114e+02
      vertex   -1.935278e+02 -3.835432e+02 2.651570e+02
    endloop
  endfacet
  facet normal 3.069840e-01 2.597176e-04 9.517146e-01
    outer loop
      vertex   -1.935278e+02 -3.835432e+02 2.651570e+02
      vertex   -1.939911e+02 -4.020000e+02 2.653114e+02
      vertex   -1.931767e+02 -3.838601e+02 2.650438e+02
    endloop
  endfacet
  facet normal 2.994009e-01 6.357361e-04 9.541272e-01
    outer loop
      vertex   -1.931767e+02 -3.838601e+02 2.650438e+02
      vertex   -1.939911e+02 -4.020000e+02 2.653114e+02
      vertex   -1.920497e+02 -4.020000e+02 2.647022e+02
    endloop
  endfacet
  facet normal 2.987523e-01 5.916074e-04 9.543305e-01
    outer loop
      vertex   -1.931767e+02 -3.838601e+02 2.650438e+02
      vertex   -1.920497e+02 -4.020000e+02 2.647022e+02
      vertex   -1.927896e+02 -3.841479e+02 2.649228e+02
    endloop
  endfacet
  facet normal 2.894258e-01 1.696003e-04 9.572004e-01
    outer loop
      vertex   -1.927896e+02 -3.841479e+02 2.649228e+02
      vertex   -1.920497e+02 -4.020000e+02 2.647022e+02
      vertex   -1.923720e+02 -3.844008e+02 2.647965e+02
    endloop
  endfacet
  facet normal 2.794576e-01 -2.877798e-05 9.601580e-01
    outer loop
      vertex   -1.923720e+02 -3.844008e+02 2.647965e+02
      vertex   -1.920497e+02 -4.020000e+02 2.647022e+02
      vertex   -1.919293e+02 -3.846128e+02 2.646677e+02
    endloop
  endfacet
  facet normal 2.686447e-01 5.223341e-05 9.632394e-01
    outer loop
      vertex   -1.919293e+02 -3.846128e+02 2.646677e+02
      vertex   -1.920497e+02 -4.020000e+02 2.647022e+02
      vertex   -1.914674e+02 -3.847791e+02 2.645389e+02
    endloop
  endfacet
  facet normal 2.580397e-01 4.382499e-04 9.661342e-01
    outer loop
      vertex   -1.914674e+02 -3.847791e+02 2.645389e+02
      vertex   -1.920497e+02 -4.020000e+02 2.647022e+02
      vertex   -1.909942e+02 -3.848988e+02 2.644125e+02
    endloop
  endfacet
  facet normal 2.544564e-01 6.755098e-04 9.670840e-01
    outer loop
      vertex   -1.909942e+02 -3.848988e+02 2.644125e+02
      vertex   -1.920497e+02 -4.020000e+02 2.647022e+02
      vertex   -1.900820e+02 -4.020000e+02 2.641845e+02
    endloop
  endfacet
  facet normal 2.475183e-01 2.814251e-04 9.688832e-01
    outer loop
      vertex   -1.909942e+02 -3.848988e+02 2.644125e+02
      vertex   -1.900820e+02 -4.020000e+02 2.641845e+02
      vertex   -1.905176e+02 -3.849723e+02 2.642908e+02
    endloop
  endfacet
  facet normal 2.367041e-01 -1.211421e-05 9.715818e-01
    outer loop
      vertex   -1.905176e+02 -3.849723e+02 2.642908e+02
      vertex   -1.900820e+02 -4.020000e+02 2.641845e+02
      vertex   -1.900460e+02 -3.849998e+02 2.641759e+02
    endloop
  endfacet
  facet normal 2.252656e-01 1.346678e-05 9.742974e-01
    outer loop
      vertex   -1.900460e+02 -3.849998e+02 2.641759e+02
      vertex   -1.900820e+02 -4.020000e+02 2.641845e+02
      vertex   -1.895749e+02 -3.849812e+02 2.640670e+02
    endloop
  endfacet
  facet normal 2.142720e-01 3.581322e-04 9.767740e-01
    outer loop
      vertex   -1.895749e+02 -3.849812e+02 2.640670e+02
      vertex   -1.900820e+02 -4.020000e+02 2.641845e+02
      vertex   -1.890948e+02 -3.849160e+02 2.639616e+02
    endloop
  endfacet
  facet normal 2.089551e-01 6.803816e-04 9.779250e-01
    outer loop
      vertex   -1.890948e+02 -3.849160e+02 2.639616e+02
      vertex   -1.900820e+02 -4.020000e+02 2.641845e+02
      vertex   -1.880922e+02 -4.020000e+02 2.637593e+02
    endloop
  endfacet
  facet normal 2.036729e-01 3.571992e-04 9.790389e-01
    outer loop
      vertex   -1.890948e+02 -3.849160e+02 2.639616e+02
      vertex   -1.880922e+02 -4.020000e+02 2.637593e+02
      vertex   -1.886145e+02 -3.848033e+02 2.638617e+02
    endloop
  endfacet
  facet normal 1.929663e-01 1.910568e-05 9.812054e-01
    outer loop
      vertex   -1.886145e+02 -3.848033e+02 2.638617e+02
      vertex   -1.880922e+02 -4.020000e+02 2.637593e+02
      vertex   -1.881430e+02 -3.846424e+02 2.637690e+02
    endloop
  endfacet
  facet normal 1.818759e-01 -1.455806e-05 9.833215e-01
    outer loop
      vertex   -1.881430e+02 -3.846424e+02 2.637690e+02
      vertex   -1.880922e+02 -4.020000e+02 2.637593e+02
      vertex   -1.876890e+02 -3.844332e+02 2.636850e+02
    endloop
  endfacet
  facet normal 1.715696e-01 2.297861e-04 9.851720e-01
    outer loop
      vertex   -1.876890e+02 -3.844332e+02 2.636850e+02
      vertex   -1.880922e+02 -4.020000e+02 2.637593e+02
      vertex   -1.872595e+02 -3.841804e+02 2.636101e+02
    endloop
  endfacet
  facet normal 1.629966e-01 6.425447e-04 9.866264e-01
    outer loop
      vertex   -1.872595e+02 -3.841804e+02 2.636101e+02
      vertex   -1.880922e+02 -4.020000e+02 2.637593e+02
      vertex   -1.860847e+02 -4.020000e+02 2.634277e+02
    endloop
  endfacet
  facet normal 1.619997e-01 5.751320e-04 9.867906e-01
    outer loop
      vertex   -1.872595e+02 -3.841804e+02 2.636101e+02
      vertex   -1.860847e+02 -4.020000e+02 2.634277e+02
      vertex   -1.868608e+02 -3.838906e+02 2.635445e+02
    endloop
  endfacet
  facet normal 1.535686e-01 2.050894e-04 9.881380e-01
    outer loop
      vertex   -1.868608e+02 -3.838906e+02 2.635445e+02
      vertex   -1.860847e+02 -4.020000e+02 2.634277e+02
      vertex   -1.864992e+02 -3.835699e+02 2.634883e+02
    endloop
  endfacet
  facet normal 1.455520e-01 2.077268e-05 9.893506e-01
    outer loop
      vertex   -1.864992e+02 -3.835699e+02 2.634883e+02
      vertex   -1.860847e+02 -4.020000e+02 2.634277e+02
      vertex   -1.861728e+02 -3.832165e+02 2.634402e+02
    endloop
  endfacet
  facet normal 1.384143e-01 -1.340614e-05 9.903744e-01
    outer loop
      vertex   -1.861728e+02 -3.832165e+02 2.634402e+02
      vertex   -1.860847e+02 -4.020000e+02 2.634277e+02
      vertex   -1.858748e+02 -3.828230e+02 2.633986e+02
    endloop
  endfacet
  facet normal 1.320351e-01 5.772446e-05 9.912450e-01
    outer loop
      vertex   -1.858748e+02 -3.828230e+02 2.633986e+02
      vertex   -1.860847e+02 -4.020000e+02 2.634277e+02
      vertex   -1.856121e+02 -3.823954e+02 2.633636e+02
    endloop
  endfacet
  facet normal 1.262034e-01 2.007777e-04 9.920044e-01
    outer loop
      vertex   -1.856121e+02 -3.823954e+02 2.633636e+02
      vertex   -1.860847e+02 -4.020000e+02 2.634277e+02
      vertex   -1.853918e+02 -3.819401e+02 2.633354e+02
    endloop
  endfacet
  facet normal 1.212806e-01 3.736395e-04 9.926182e-01
    outer loop
      vertex   -1.853918e+02 -3.819401e+02 2.633354e+02
      vertex   -1.860847e+02 -4.020000e+02 2.634277e+02
      vertex   -1.852198e+02 -3.814639e+02 2.633143e+02
    endloop
  endfacet
  facet normal 1.166816e-01 5.703593e-04 9.931692e-01
    outer loop
      vertex   -1.852198e+02 -3.814639e+02 2.633143e+02
      vertex   -1.860847e+02 -4.020000e+02 2.634277e+02
      vertex   -1.840639e+02 -4.020000e+02 2.631902e+02
    endloop
  endfacet
  facet normal 1.167422e-01 5.738169e-04 9.931621e-01
    outer loop
      vertex   -1.852198e+02 -3.814639e+02 2.633143e+02
      vertex   -1.840639e+02 -4.020000e+02 2.631902e+02
      vertex   -1.850975e+02 -3.809755e+02 2.632996e+02
    endloop
  endfacet
  facet normal 1.131144e-01 3.932795e-04 9.935819e-01
    outer loop
      vertex   -1.850975e+02 -3.809755e+02 2.632996e+02
      vertex   -1.840639e+02 -4.020000e+02 2.631902e+02
      vertex   -1.850243e+02 -3.804844e+02 2.632911e+02
    endloop
  endfacet
  facet normal 1.088045e-01 1.986294e-04 9.940632e-01
    outer loop
      vertex   -1.850243e+02 -3.804844e+02 2.632911e+02
      vertex   -1.840639e+02 -4.020000e+02 2.631902e+02
      vertex   -1.850000e+02 -3.800000e+02 2.632883e+02
    endloop
  endfacet
  facet normal 1.041883e-01 -1.346070e-19 9.945576e-01
    outer loop
      vertex   -1.850000e+02 -3.800000e+02 2.632883e+02
      vertex   -1.840639e+02 -4.020000e+02 2.631902e+02
      vertex   -1.840639e+02 -3.580000e+02 2.631902e+02
    endloop
  endfacet
  facet normal 1.088045e-01 -1.986294e-04 9.940632e-01
    outer loop
      vertex   -1.850000e+02 -3.800000e+02 2.632883e+02
      vertex   -1.840639e+02 -3.580000e+02 2.631902e+02
      vertex   -1.850243e+02 -3.795156e+02 2.632911e+02
    endloop
  endfacet
  facet normal 1.131144e-01 -3.932795e-04 9.935819e-01
    outer loop
      vertex   -1.850243e+02 -3.795156e+02 2.632911e+02
      vertex   -1.840639e+02 -3.580000e+02 2.631902e+02
      vertex   -1.850975e+02 -3.790245e+02 2.632996e+02
    endloop
  endfacet
  facet normal 1.166816e-01 -5.707977e-04 9.931692e-01
    outer loop
      vertex   -1.850975e+02 -3.790245e+02 2.632996e+02
      vertex   -1.840639e+02 -3.580000e+02 2.631902e+02
      vertex   -1.860847e+02 -3.580000e+02 2.634277e+02
    endloop
  endfacet
  facet normal 1.167709e-01 -5.665409e-04 9.931587e-01
    outer loop
      vertex   -1.850975e+02 -3.790245e+02 2.632996e+02
      vertex   -1.860847e+02 -3.580000e+02 2.634277e+02
      vertex   -1.852198e+02 -3.785361e+02 2.633143e+02
    endloop
  endfacet
  facet normal 1.212806e-01 -3.736395e-04 9.926182e-01
    outer loop
      vertex   -1.852198e+02 -3.785361e+02 2.633143e+02
      vertex   -1.860847e+02 -3.580000e+02 2.634277e+02
      vertex   -1.853918e+02 -3.780599e+02 2.633354e+02
    endloop
  endfacet
  facet normal 1.262034e-01 -2.007777e-04 9.920044e-01
    outer loop
      vertex   -1.853918e+02 -3.780599e+02 2.633354e+02
      vertex   -1.860847e+02 -3.580000e+02 2.634277e+02
      vertex   -1.856121e+02 -3.776046e+02 2.633636e+02
    endloop
  endfacet
  facet normal 1.320351e-01 -5.772446e-05 9.912450e-01
    outer loop
      vertex   -1.856121e+02 -3.776046e+02 2.633636e+02
      vertex   -1.860847e+02 -3.580000e+02 2.634277e+02
      vertex   -1.858748e+02 -3.771770e+02 2.633986e+02
    endloop
  endfacet
  facet normal 1.384143e-01 1.340614e-05 9.903744e-01
    outer loop
      vertex   -1.858748e+02 -3.771770e+02 2.633986e+02
      vertex   -1.860847e+02 -3.580000e+02 2.634277e+02
      vertex   -1.861728e+02 -3.767835e+02 2.634402e+02
    endloop
  endfacet
  facet normal 1.455520e-01 -2.077268e-05 9.893506e-01
    outer loop
      vertex   -1.861728e+02 -3.767835e+02 2.634402e+02
      vertex   -1.860847e+02 -3.580000e+02 2.634277e+02
      vertex   -1.864992e+02 -3.764301e+02 2.634883e+02
    endloop
  endfacet
  facet normal 1.535686e-01 -2.050894e-04 9.881380e-01
    outer loop
      vertex   -1.864992e+02 -3.764301e+02 2.634883e+02
      vertex   -1.860847e+02 -3.580000e+02 2.634277e+02
      vertex   -1.868608e+02 -3.761095e+02 2.635445e+02
    endloop
  endfacet
  facet normal 1.619997e-01 -5.751319e-04 9.867906e-01
    outer loop
      vertex   -1.868608e+02 -3.761095e+02 2.635445e+02
      vertex   -1.860847e+02 -3.580000e+02 2.634277e+02
      vertex   -1.872595e+02 -3.758196e+02 2.636101e+02
    endloop
  endfacet
  facet normal 1.629966e-01 -6.425447e-04 9.866264e-01
    outer loop
      vertex   -1.872595e+02 -3.758196e+02 2.636101e+02
      vertex   -1.860847e+02 -3.580000e+02 2.634277e+02
      vertex   -1.880922e+02 -3.580000e+02 2.637593e+02
    endloop
  endfacet
  facet normal 1.715696e-01 -2.297861e-04 9.851720e-01
    outer loop
      vertex   -1.872595e+02 -3.758196e+02 2.636101e+02
      vertex   -1.880922e+02 -3.580000e+02 2.637593e+02
      vertex   -1.876890e+02 -3.755668e+02 2.636850e+02
    endloop
  endfacet
  facet normal 1.818759e-01 1.455806e-05 9.833215e-01
    outer loop
      vertex   -1.876890e+02 -3.755668e+02 2.636850e+02
      vertex   -1.880922e+02 -3.580000e+02 2.637593e+02
      vertex   -1.881430e+02 -3.753577e+02 2.637690e+02
    endloop
  endfacet
  facet normal 1.929663e-01 -1.910568e-05 9.812054e-01
    outer loop
      vertex   -1.881430e+02 -3.753577e+02 2.637690e+02
      vertex   -1.880922e+02 -3.580000e+02 2.637593e+02
      vertex   -1.886145e+02 -3.751967e+02 2.638617e+02
    endloop
  endfacet
  facet normal 2.036729e-01 -3.571992e-04 9.790389e-01
    outer loop
      vertex   -1.886145e+02 -3.751967e+02 2.638617e+02
      vertex   -1.880922e+02 -3.580000e+02 2.637593e+02
      vertex   -1.890948e+02 -3.750840e+02 2.639616e+02
    endloop
  endfacet
  facet normal 2.089551e-01 -6.803816e-04 9.779250e-01
    outer loop
      vertex   -1.890948e+02 -3.750840e+02 2.639616e+02
      vertex   -1.880922e+02 -3.580000e+02 2.637593e+02
      vertex   -1.900820e+02 -3.580000e+02 2.641845e+02
    endloop
  endfacet
  facet normal 2.142720e-01 -3.581322e-04 9.767740e-01
    outer loop
      vertex   -1.890948e+02 -3.750840e+02 2.639616e+02
      vertex   -1.900820e+02 -3.580000e+02 2.641845e+02
      vertex   -1.895749e+02 -3.750188e+02 2.640670e+02
    endloop
  endfacet
  facet normal 2.252656e-01 -1.346678e-05 9.742974e-01
    outer loop
      vertex   -1.895749e+02 -3.750188e+02 2.640670e+02
      vertex   -1.900820e+02 -3.580000e+02 2.641845e+02
      vertex   -1.900460e+02 -3.750002e+02 2.641759e+02
    endloop
  endfacet
  facet normal 2.367041e-01 1.211421e-05 9.715818e-01
    outer loop
      vertex   -1.900460e+02 -3.750002e+02 2.641759e+02
      vertex   -1.900820e+02 -3.580000e+02 2.641845e+02
      vertex   -1.905176e+02 -3.750277e+02 2.642908e+02
    endloop
  endfacet
  facet normal 2.475183e-01 -2.814251e-04 9.688832e-01
    outer loop
      vertex   -1.905176e+02 -3.750277e+02 2.642908e+02
      vertex   -1.900820e+02 -3.580000e+02 2.641845e+02
      vertex   -1.909942e+02 -3.751012e+02 2.644125e+02
    endloop
  endfacet
  facet normal 2.544564e-01 -6.755098e-04 9.670840e-01
    outer loop
      vertex   -1.909942e+02 -3.751012e+02 2.644125e+02
      vertex   -1.900820e+02 -3.580000e+02 2.641845e+02
      vertex   -1.920497e+02 -3.580000e+02 2.647022e+02
    endloop
  endfacet
  facet normal 2.580397e-01 -4.382499e-04 9.661342e-01
    outer loop
      vertex   -1.909942e+02 -3.751012e+02 2.644125e+02
      vertex   -1.920497e+02 -3.580000e+02 2.647022e+02
      vertex   -1.914674e+02 -3.752209e+02 2.645389e+02
    endloop
  endfacet
  facet normal 2.686447e-01 -5.223341e-05 9.632394e-01
    outer loop
      vertex   -1.914674e+02 -3.752209e+02 2.645389e+02
      vertex   -1.920497e+02 -3.580000e+02 2.647022e+02
      vertex   -1.919293e+02 -3.753872e+02 2.646677e+02
    endloop
  endfacet
  facet normal 2.794576e-01 2.877798e-05 9.601580e-01
    outer loop
      vertex   -1.919293e+02 -3.753872e+02 2.646677e+02
      vertex   -1.920497e+02 -3.580000e+02 2.647022e+02
      vertex   -1.923720e+02 -3.755992e+02 2.647965e+02
    endloop
  endfacet
  facet normal 2.894258e-01 -1.696003e-04 9.572004e-01
    outer loop
      vertex   -1.923720e+02 -3.755992e+02 2.647965e+02
      vertex   -1.920497e+02 -3.580000e+02 2.647022e+02
      vertex   -1.927896e+02 -3.758521e+02 2.649228e+02
    endloop
  endfacet
  facet normal 2.987523e-01 -5.916074e-04 9.543305e-01
    outer loop
      vertex   -1.927896e+02 -3.758521e+02 2.649228e+02
      vertex   -1.920497e+02 -3.580000e+02 2.647022e+02
      vertex   -1.931767e+02 -3.761399e+02 2.650438e+02
    endloop
  endfacet
  facet normal 2.994009e-01 -6.357361e-04 9.541272e-01
    outer loop
      vertex   -1.931767e+02 -3.761399e+02 2.650438e+02
      vertex   -1.920497e+02 -3.580000e+02 2.647022e+02
      vertex   -1.939911e+02 -3.580000e+02 2.653114e+02
    endloop
  endfacet
  facet normal 3.069840e-01 -2.597176e-04 9.517146e-01
    outer loop
      vertex   -1.931767e+02 -3.761399e+02 2.650438e+02
      vertex   -1.939911e+02 -3.580000e+02 2.653114e+02
      vertex   -1.935278e+02 -3.764568e+02 2.651570e+02
    endloop
  endfacet
  facet normal 3.147941e-01 -4.231694e-05 9.491600e-01
    outer loop
      vertex   -1.935278e+02 -3.764568e+02 2.651570e+02
      vertex   -1.939911e+02 -3.580000e+02 2.653114e+02
      vertex   -1.938459e+02 -3.768059e+02 2.652624e+02
    endloop
  endfacet
  facet normal 3.217318e-01 1.729723e-05 9.468308e-01
    outer loop
      vertex   -1.938459e+02 -3.768059e+02 2.652624e+02
      vertex   -1.939911e+02 -3.580000e+02 2.653114e+02
      vertex   -1.941373e+02 -3.771948e+02 2.653615e+02
    endloop
  endfacet
  facet normal 3.278967e-01 -3.519812e-05 9.447136e-01
    outer loop
      vertex   -1.941373e+02 -3.771948e+02 2.653615e+02
      vertex   -1.939911e+02 -3.580000e+02 2.653114e+02
      vertex   -1.943950e+02 -3.776176e+02 2.654509e+02
    endloop
  endfacet
  facet normal 3.335569e-01 -1.658565e-04 9.427300e-01
    outer loop
      vertex   -1.943950e+02 -3.776176e+02 2.654509e+02
      vertex   -1.939911e+02 -3.580000e+02 2.653114e+02
      vertex   -1.946119e+02 -3.780686e+02 2.655275e+02
    endloop
  endfacet
  facet normal 3.383606e-01 -3.329127e-04 9.410165e-01
    outer loop
      vertex   -1.946119e+02 -3.780686e+02 2.655275e+02
      vertex   -1.939911e+02 -3.580000e+02 2.653114e+02
      vertex   -1.947817e+02 -3.785411e+02 2.655884e+02
    endloop
  endfacet
  facet normal 3.436904e-01 -5.641305e-04 9.390828e-01
    outer loop
      vertex   -1.947817e+02 -3.785411e+02 2.655884e+02
      vertex   -1.939911e+02 -3.580000e+02 2.653114e+02
      vertex   -1.959018e+02 -3.580000e+02 2.660107e+02
    endloop
  endfacet
  facet normal 3.429651e-01 -6.091353e-04 9.393479e-01
    outer loop
      vertex   -1.947817e+02 -3.785411e+02 2.655884e+02
      vertex   -1.959018e+02 -3.580000e+02 2.660107e+02
      vertex   -1.949030e+02 -3.790268e+02 2.656324e+02
    endloop
  endfacet
  facet normal 3.465002e-01 -4.178488e-04 9.380498e-01
    outer loop
      vertex   -1.949030e+02 -3.790268e+02 2.656324e+02
      vertex   -1.959018e+02 -3.580000e+02 2.660107e+02
      vertex   -1.949757e+02 -3.795162e+02 2.656591e+02
    endloop
  endfacet
  facet normal -6.163978e-01 0.000000e+00 7.874349e-01
    outer loop
      vertex   -1.528710e+02 -4.019587e+02 2.724961e+02
      vertex   -1.528710e+02 -3.580413e+02 2.724961e+02
      vertex   -1.535047e+02 -4.020000e+02 2.720000e+02
    endloop
  endfacet
  facet normal -6.163978e-01 0.000000e+00 7.874349e-01
    outer loop
      vertex   -1.535047e+02 -4.020000e+02 2.720000e+02
      vertex   -1.528710e+02 -3.580413e+02 2.724961e+02
      vertex   -1.535047e+02 -3.580000e+02 2.720000e+02
    endloop
  endfacet
  facet normal -5.903716e-01 0.000000e+00 8.071316e-01
    outer loop
      vertex   -1.535047e+02 -4.020000e+02 2.720000e+02
      vertex   -1.535047e+02 -3.580000e+02 2.720000e+02
      vertex   -1.551470e+02 -3.580000e+02 2.707988e+02
    endloop
  endfacet
  facet normal -5.903716e-01 -5.632326e-20 8.071316e-01
    outer loop
      vertex   -1.535047e+02 -4.020000e+02 2.720000e+02
      vertex   -1.551470e+02 -3.580000e+02 2.707988e+02
      vertex   -1.551470e+02 -4.020000e+02 2.707988e+02
    endloop
  endfacet
  facet normal -5.519826e-01 0.000000e+00 8.338556e-01
    outer loop
      vertex   -1.551470e+02 -4.020000e+02 2.707988e+02
      vertex   -1.551470e+02 -3.580000e+02 2.707988e+02
      vertex   -1.568437e+02 -3.580000e+02 2.696756e+02
    endloop
  endfacet
  facet normal -5.519826e-01 -1.268774e-19 8.338556e-01
    outer loop
      vertex   -1.551470e+02 -4.020000e+02 2.707988e+02
      vertex   -1.568437e+02 -3.580000e+02 2.696756e+02
      vertex   -1.568437e+02 -4.020000e+02 2.696756e+02
    endloop
  endfacet
  facet normal -5.123859e-01 0.000000e+00 8.587553e-01
    outer loop
      vertex   -1.568437e+02 -4.020000e+02 2.696756e+02
      vertex   -1.568437e+02 -3.580000e+02 2.696756e+02
      vertex   -1.585910e+02 -3.580000e+02 2.686331e+02
    endloop
  endfacet
  facet normal -5.123859e-01 -4.111633e-19 8.587553e-01
    outer loop
      vertex   -1.568437e+02 -4.020000e+02 2.696756e+02
      vertex   -1.585910e+02 -3.580000e+02 2.686331e+02
      vertex   -1.585910e+02 -4.020000e+02 2.686331e+02
    endloop
  endfacet
  facet normal -4.716681e-01 0.000000e+00 8.817762e-01
    outer loop
      vertex   -1.585910e+02 -4.020000e+02 2.686331e+02
      vertex   -1.585910e+02 -3.580000e+02 2.686331e+02
      vertex   -1.603851e+02 -3.580000e+02 2.676734e+02
    endloop
  endfacet
  facet normal -4.716681e-01 5.596685e-19 8.817762e-01
    outer loop
      vertex   -1.585910e+02 -4.020000e+02 2.686331e+02
      vertex   -1.603851e+02 -3.580000e+02 2.676734e+02
      vertex   -1.603851e+02 -4.020000e+02 2.676734e+02
    endloop
  endfacet
  facet normal -4.299184e-01 0.000000e+00 9.028678e-01
    outer loop
      vertex   -1.603851e+02 -4.020000e+02 2.676734e+02
      vertex   -1.603851e+02 -3.580000e+02 2.676734e+02
      vertex   -1.622222e+02 -3.580000e+02 2.667986e+02
    endloop
  endfacet
  facet normal -4.299184e-01 -8.225240e-19 9.028678e-01
    outer loop
      vertex   -1.603851e+02 -4.020000e+02 2.676734e+02
      vertex   -1.622222e+02 -3.580000e+02 2.667986e+02
      vertex   -1.622222e+02 -4.020000e+02 2.667986e+02
    endloop
  endfacet
  facet normal -3.872280e-01 0.000000e+00 9.219840e-01
    outer loop
      vertex   -1.622222e+02 -4.020000e+02 2.667986e+02
      vertex   -1.622222e+02 -3.580000e+02 2.667986e+02
      vertex   -1.640982e+02 -3.580000e+02 2.660107e+02
    endloop
  endfacet
  facet normal -3.872280e-01 -1.596583e-19 9.219840e-01
    outer loop
      vertex   -1.622222e+02 -4.020000e+02 2.667986e+02
      vertex   -1.640982e+02 -3.580000e+02 2.660107e+02
      vertex   -1.640982e+02 -4.020000e+02 2.660107e+02
    endloop
  endfacet
  facet normal -7.011123e-02 9.057641e-17 9.975392e-01
    outer loop
      vertex   -1.759361e+02 -3.580000e+02 2.631902e+02
      vertex   -1.779658e+02 -3.580000e+02 2.630476e+02
      vertex   -1.759361e+02 -4.020000e+02 2.631902e+02
    endloop
  endfacet
  facet normal -7.011123e-02 8.404515e-20 9.975392e-01
    outer loop
      vertex   -1.759361e+02 -4.020000e+02 2.631902e+02
      vertex   -1.779658e+02 -3.580000e+02 2.630476e+02
      vertex   -1.779658e+02 -4.020000e+02 2.630476e+02
    endloop
  endfacet
  facet normal -2.338747e-02 0.000000e+00 9.997265e-01
    outer loop
      vertex   -1.779658e+02 -4.020000e+02 2.630476e+02
      vertex   -1.779658e+02 -3.580000e+02 2.630476e+02
      vertex   -1.800000e+02 -3.580000e+02 2.630000e+02
    endloop
  endfacet
  facet normal -2.338747e-02 1.149189e-20 9.997265e-01
    outer loop
      vertex   -1.779658e+02 -4.020000e+02 2.630476e+02
      vertex   -1.800000e+02 -3.580000e+02 2.630000e+02
      vertex   -1.800000e+02 -4.020000e+02 2.630000e+02
    endloop
  endfacet
  facet normal 2.338747e-02 -0.000000e+00 9.997265e-01
    outer loop
      vertex   -1.800000e+02 -4.020000e+02 2.630000e+02
      vertex   -1.800000e+02 -3.580000e+02 2.630000e+02
      vertex   -1.820342e+02 -3.580000e+02 2.630476e+02
    endloop
  endfacet
  facet normal 2.338747e-02 -2.464827e-20 9.997265e-01
    outer loop
      vertex   -1.800000e+02 -4.020000e+02 2.630000e+02
      vertex   -1.820342e+02 -3.580000e+02 2.630476e+02
      vertex   -1.820342e+02 -4.020000e+02 2.630476e+02
    endloop
  endfacet
  facet normal 7.011123e-02 -0.000000e+00 9.975392e-01
    outer loop
      vertex   -1.820342e+02 -4.020000e+02 2.630476e+02
      vertex   -1.820342e+02 -3.580000e+02 2.630476e+02
      vertex   -1.840639e+02 -3.580000e+02 2.631902e+02
    endloop
  endfacet
  facet normal 7.011123e-02 -1.829199e-19 9.975392e-01
    outer loop
      vertex   -1.820342e+02 -4.020000e+02 2.630476e+02
      vertex   -1.840639e+02 -3.580000e+02 2.631902e+02
      vertex   -1.840639e+02 -4.020000e+02 2.631902e+02
    endloop
  endfacet
  facet normal 3.872280e-01 0.000000e+00 9.219840e-01
    outer loop
      vertex   -1.959018e+02 -3.580000e+02 2.660107e+02
      vertex   -1.977778e+02 -3.580000e+02 2.667986e+02
      vertex   -1.959018e+02 -4.020000e+02 2.660107e+02
    endloop
  endfacet
  facet normal 3.872280e-01 -2.104713e-19 9.219840e-01
    outer loop
      vertex   -1.959018e+02 -4.020000e+02 2.660107e+02
      vertex   -1.977778e+02 -3.580000e+02 2.667986e+02
      vertex   -1.977778e+02 -4.020000e+02 2.667986e+02
    endloop
  endfacet
  facet normal 4.299184e-01 -0.000000e+00 9.028678e-01
    outer loop
      vertex   -1.977778e+02 -4.020000e+02 2.667986e+02
      vertex   -1.977778e+02 -3.580000e+02 2.667986e+02
      vertex   -1.996149e+02 -3.580000e+02 2.676734e+02
    endloop
  endfacet
  facet normal 4.299184e-01 8.990205e-19 9.028678e-01
    outer loop
      vertex   -1.977778e+02 -4.020000e+02 2.667986e+02
      vertex   -1.996149e+02 -3.580000e+02 2.676734e+02
      vertex   -1.996149e+02 -4.020000e+02 2.676734e+02
    endloop
  endfacet
  facet normal 4.716681e-01 -0.000000e+00 8.817762e-01
    outer loop
      vertex   -1.996149e+02 -4.020000e+02 2.676734e+02
      vertex   -1.996149e+02 -3.580000e+02 2.676734e+02
      vertex   -2.014090e+02 -3.580000e+02 2.686331e+02
    endloop
  endfacet
  facet normal 4.716681e-01 -9.501209e-19 8.817762e-01
    outer loop
      vertex   -1.996149e+02 -4.020000e+02 2.676734e+02
      vertex   -2.014090e+02 -3.580000e+02 2.686331e+02
      vertex   -2.014090e+02 -4.020000e+02 2.686331e+02
    endloop
  endfacet
  facet normal 5.123859e-01 -0.000000e+00 8.587553e-01
    outer loop
      vertex   -2.014090e+02 -4.020000e+02 2.686331e+02
      vertex   -2.014090e+02 -3.580000e+02 2.686331e+02
      vertex   -2.031564e+02 -3.580000e+02 2.696756e+02
    endloop
  endfacet
  facet normal 5.123859e-01 1.005037e-18 8.587553e-01
    outer loop
      vertex   -2.014090e+02 -4.020000e+02 2.686331e+02
      vertex   -2.031564e+02 -3.580000e+02 2.696756e+02
      vertex   -2.031564e+02 -4.020000e+02 2.696756e+02
    endloop
  endfacet
  facet normal 5.519826e-01 -0.000000e+00 8.338556e-01
    outer loop
      vertex   -2.031564e+02 -4.020000e+02 2.696756e+02
      vertex   -2.031564e+02 -3.580000e+02 2.696756e+02
      vertex   -2.048530e+02 -3.580000e+02 2.707988e+02
    endloop
  endfacet
  facet normal 5.519826e-01 6.394902e-19 8.338556e-01
    outer loop
      vertex   -2.031564e+02 -4.020000e+02 2.696756e+02
      vertex   -2.048530e+02 -3.580000e+02 2.707988e+02
      vertex   -2.048530e+02 -4.020000e+02 2.707988e+02
    endloop
  endfacet
  facet normal 5.903716e-01 -0.000000e+00 8.071316e-01
    outer loop
      vertex   -2.048530e+02 -4.020000e+02 2.707988e+02
      vertex   -2.048530e+02 -3.580000e+02 2.707988e+02
      vertex   -2.064953e+02 -3.580000e+02 2.720000e+02
    endloop
  endfacet
  facet normal 5.903716e-01 -3.933363e-19 8.071316e-01
    outer loop
      vertex   -2.048530e+02 -4.020000e+02 2.707988e+02
      vertex   -2.064953e+02 -3.580000e+02 2.720000e+02
      vertex   -2.064953e+02 -4.020000e+02 2.720000e+02
    endloop
  endfacet
  facet normal 6.163977e-01 -0.000000e+00 7.874350e-01
    outer loop
      vertex   -2.064953e+02 -4.020000e+02 2.720000e+02
      vertex   -2.064953e+02 -3.580000e+02 2.720000e+02
      vertex   -2.071290e+02 -4.019587e+02 2.724961e+02
    endloop
  endfacet
  facet normal 6.163977e-01 -1.418107e-15 7.874350e-01
    outer loop
      vertex   -2.071290e+02 -4.019587e+02 2.724961e+02
      vertex   -2.064953e+02 -3.580000e+02 2.720000e+02
      vertex   -2.071290e+02 -3.580413e+02 2.724961e+02
    endloop
  endfacet
  facet normal -3.131164e-04 9.808425e-01 1.948023e-01
    outer loop
      vertex   -1.526298e+02 -3.580757e+02 2.726697e+02
      vertex   -1.492789e+02 -3.580624e+02 2.726078e+02
      vertex   -1.528710e+02 -3.580413e+02 2.724961e+02
    endloop
  endfacet
  facet normal 4.065246e-04 9.850176e-01 1.724531e-01
    outer loop
      vertex   -1.528710e+02 -3.580413e+02 2.724961e+02
      vertex   -1.492789e+02 -3.580624e+02 2.726078e+02
      vertex   -1.490445e+02 -3.580305e+02 2.724255e+02
    endloop
  endfacet
  facet normal -8.155658e-04 9.941957e-01 1.075835e-01
    outer loop
      vertex   -1.528710e+02 -3.580413e+02 2.724961e+02
      vertex   -1.490445e+02 -3.580305e+02 2.724255e+02
      vertex   -1.488299e+02 -3.580083e+02 2.722221e+02
    endloop
  endfacet
  facet normal 3.465720e-04 9.734366e-01 2.289563e-01
    outer loop
      vertex   -1.492789e+02 -3.580624e+02 2.726078e+02
      vertex   -1.526298e+02 -3.580757e+02 2.726697e+02
      vertex   -1.495305e+02 -3.580996e+02 2.727665e+02
    endloop
  endfacet
  facet normal -3.011505e-04 9.686290e-01 2.485113e-01
    outer loop
      vertex   -1.495305e+02 -3.580996e+02 2.727665e+02
      vertex   -1.526298e+02 -3.580757e+02 2.726697e+02
      vertex   -1.523723e+02 -3.581139e+02 2.728187e+02
    endloop
  endfacet
  facet normal 2.382298e-04 9.612127e-01 2.758081e-01
    outer loop
      vertex   -1.495305e+02 -3.580996e+02 2.727665e+02
      vertex   -1.523723e+02 -3.581139e+02 2.728187e+02
      vertex   -1.497971e+02 -3.581375e+02 2.728990e+02
    endloop
  endfacet
  facet normal -2.308250e-04 9.571307e-01 2.896565e-01
    outer loop
      vertex   -1.497971e+02 -3.581375e+02 2.728990e+02
      vertex   -1.523723e+02 -3.581139e+02 2.728187e+02
      vertex   -1.521009e+02 -3.581509e+02 2.729412e+02
    endloop
  endfacet
  facet normal 2.219194e-04 9.500386e-01 3.121325e-01
    outer loop
      vertex   -1.497971e+02 -3.581375e+02 2.728990e+02
      vertex   -1.521009e+02 -3.581509e+02 2.729412e+02
      vertex   -1.500756e+02 -3.581720e+02 2.730041e+02
    endloop
  endfacet
  facet normal -2.243486e-04 9.457046e-01 3.250272e-01
    outer loop
      vertex   -1.500756e+02 -3.581720e+02 2.730041e+02
      vertex   -1.521009e+02 -3.581509e+02 2.729412e+02
      vertex   -1.518189e+02 -3.581834e+02 2.730361e+02
    endloop
  endfacet
  facet normal 2.142016e-04 9.381358e-01 3.462675e-01
    outer loop
      vertex   -1.500756e+02 -3.581720e+02 2.730041e+02
      vertex   -1.518189e+02 -3.581834e+02 2.730361e+02
      vertex   -1.503623e+02 -3.582005e+02 2.730815e+02
    endloop
  endfacet
  facet normal -2.191140e-04 9.335501e-01 3.584470e-01
    outer loop
      vertex   -1.503623e+02 -3.582005e+02 2.730815e+02
      vertex   -1.518189e+02 -3.581834e+02 2.730361e+02
      vertex   -1.515300e+02 -3.582090e+02 2.731030e+02
    endloop
  endfacet
  facet normal 2.057408e-04 9.256407e-01 3.784037e-01
    outer loop
      vertex   -1.503623e+02 -3.582005e+02 2.730815e+02
      vertex   -1.515300e+02 -3.582090e+02 2.731030e+02
      vertex   -1.506537e+02 -3.582204e+02 2.731304e+02
    endloop
  endfacet
  facet normal -2.152667e-04 9.208778e-01 3.898514e-01
    outer loop
      vertex   -1.506537e+02 -3.582204e+02 2.731304e+02
      vertex   -1.515300e+02 -3.582090e+02 2.731030e+02
      vertex   -1.512379e+02 -3.582252e+02 2.731413e+02
    endloop
  endfacet
  facet normal 1.852793e-04 9.129806e-01 4.080030e-01
    outer loop
      vertex   -1.506537e+02 -3.582204e+02 2.731304e+02
      vertex   -1.512379e+02 -3.582252e+02 2.731413e+02
      vertex   -1.509460e+02 -3.582294e+02 2.731505e+02
    endloop
  endfacet
  facet normal 0.000000e+00 9.992962e-01 3.751246e-02
    outer loop
      vertex   -1.486375e+02 -3.580000e+02 2.720000e+02
      vertex   -1.535047e+02 -3.580000e+02 2.720000e+02
      vertex   -1.488299e+02 -3.580083e+02 2.722221e+02
    endloop
  endfacet
  facet normal -2.303655e-03 9.963019e-01 8.589117e-02
    outer loop
      vertex   -1.488299e+02 -3.580083e+02 2.722221e+02
      vertex   -1.535047e+02 -3.580000e+02 2.720000e+02
      vertex   -1.528710e+02 -3.580413e+02 2.724961e+02
    endloop
  endfacet
  facet normal 0.000000e+00 1.000000e+00 0.000000e+00
    outer loop
      vertex   -1.486375e+02 -3.580000e+02 2.720000e+02
      vertex   -1.483645e+02 -3.580000e+02 2.715842e+02
      vertex   -1.535047e+02 -3.580000e+02 2.720000e+02
    endloop
  endfacet
  facet normal 0.000000e+00 1.000000e+00 0.000000e+00
    outer loop
      vertex   -1.535047e+02 -3.580000e+02 2.720000e+02
      vertex   -1.483645e+02 -3.580000e+02 2.715842e+02
      vertex   -1.551470e+02 -3.580000e+02 2.707988e+02
    endloop
  endfacet
  facet normal 0.000000e+00 1.000000e+00 0.000000e+00
    outer loop
      vertex   -1.551470e+02 -3.580000e+02 2.707988e+02
      vertex   -1.483645e+02 -3.580000e+02 2.715842e+02
      vertex   -1.481639e+02 -3.580000e+02 2.711289e+02
    endloop
  endfacet
  facet normal -0.000000e+00 1.000000e+00 0.000000e+00
    outer loop
      vertex   -1.551470e+02 -3.580000e+02 2.707988e+02
      vertex   -1.481639e+02 -3.580000e+02 2.711289e+02
      vertex   -1.480412e+02 -3.580000e+02 2.706468e+02
    endloop
  endfacet
  facet normal 0.000000e+00 1.000000e+00 0.000000e+00
    outer loop
      vertex   -1.480412e+02 -3.580000e+02 2.706468e+02
      vertex   -1.480000e+02 -3.580000e+02 2.701510e+02
      vertex   -1.551470e+02 -3.580000e+02 2.707988e+02
    endloop
  endfacet
  facet normal 0.000000e+00 1.000000e+00 0.000000e+00
    outer loop
      vertex   -1.551470e+02 -3.580000e+02 2.707988e+02
      vertex   -1.480000e+02 -3.580000e+02 2.701510e+02
      vertex   -1.568437e+02 -3.580000e+02 2.696756e+02
    endloop
  endfacet
  facet normal -0.000000e+00 1.000000e+00 0.000000e+00
    outer loop
      vertex   -1.568437e+02 -3.580000e+02 2.696756e+02
      vertex   -1.480000e+02 -3.580000e+02 2.701510e+02
      vertex   -1.585910e+02 -3.580000e+02 2.686331e+02
    endloop
  endfacet
  facet normal -0.000000e+00 1.000000e+00 0.000000e+00
    outer loop
      vertex   -1.585910e+02 -3.580000e+02 2.686331e+02
      vertex   -1.480000e+02 -3.580000e+02 2.701510e+02
      vertex   -1.603851e+02 -3.580000e+02 2.676734e+02
    endloop
  endfacet
  facet normal -0.000000e+00 1.000000e+00 0.000000e+00
    outer loop
      vertex   -1.603851e+02 -3.580000e+02 2.676734e+02
      vertex   -1.480000e+02 -3.580000e+02 2.701510e+02
      vertex   -1.480000e+02 -3.580000e+02 2.600000e+02
    endloop
  endfacet
  facet normal 0.000000e+00 1.000000e+00 0.000000e+00
    outer loop
      vertex   -1.603851e+02 -3.580000e+02 2.676734e+02
      vertex   -1.480000e+02 -3.580000e+02 2.600000e+02
      vertex   -1.622222e+02 -3.580000e+02 2.667986e+02
    endloop
  endfacet
  facet normal 0.000000e+00 1.000000e+00 0.000000e+00
    outer loop
      vertex   -1.622222e+02 -3.580000e+02 2.667986e+02
      vertex   -1.480000e+02 -3.580000e+02 2.600000e+02
      vertex   -1.640982e+02 -3.580000e+02 2.660107e+02
    endloop
  endfacet
  facet normal 0.000000e+00 1.000000e+00 0.000000e+00
    outer loop
      vertex   -1.640982e+02 -3.580000e+02 2.660107e+02
      vertex   -1.480000e+02 -3.580000e+02 2.600000e+02
      vertex   -1.660089e+02 -3.580000e+02 2.653114e+02
    endloop
  endfacet
  facet normal 0.000000e+00 1.000000e+00 0.000000e+00
    outer loop
      vertex   -1.660089e+02 -3.580000e+02 2.653114e+02
      vertex   -1.480000e+02 -3.580000e+02 2.600000e+02
      vertex   -1.679503e+02 -3.580000e+02 2.647022e+02
    endloop
  endfacet
  facet normal 0.000000e+00 1.000000e+00 0.000000e+00
    outer loop
      vertex   -1.679503e+02 -3.580000e+02 2.647022e+02
      vertex   -1.480000e+02 -3.580000e+02 2.600000e+02
      vertex   -1.699180e+02 -3.580000e+02 2.641845e+02
    endloop
  endfacet
  facet normal 0.000000e+00 1.000000e+00 0.000000e+00
    outer loop
      vertex   -1.699180e+02 -3.580000e+02 2.641845e+02
      vertex   -1.480000e+02 -3.580000e+02 2.600000e+02
      vertex   -1.719078e+02 -3.580000e+02 2.637593e+02
    endloop
  endfacet
  facet normal 0.000000e+00 1.000000e+00 0.000000e+00
    outer loop
      vertex   -1.719078e+02 -3.580000e+02 2.637593e+02
      vertex   -1.480000e+02 -3.580000e+02 2.600000e+02
      vertex   -1.739153e+02 -3.580000e+02 2.634277e+02
    endloop
  endfacet
  facet normal 0.000000e+00 1.000000e+00 0.000000e+00
    outer loop
      vertex   -1.739153e+02 -3.580000e+02 2.634277e+02
      vertex   -1.480000e+02 -3.580000e+02 2.600000e+02
      vertex   -1.759361e+02 -3.580000e+02 2.631902e+02
    endloop
  endfacet
  facet normal 0.000000e+00 1.000000e+00 0.000000e+00
    outer loop
      vertex   -1.759361e+02 -3.580000e+02 2.631902e+02
      vertex   -1.480000e+02 -3.580000e+02 2.600000e+02
      vertex   -1.779658e+02 -3.580000e+02 2.630476e+02
    endloop
  endfacet
  facet normal 0.000000e+00 1.000000e+00 0.000000e+00
    outer loop
      vertex   -1.779658e+02 -3.580000e+02 2.630476e+02
      vertex   -1.480000e+02 -3.580000e+02 2.600000e+02
      vertex   -1.800000e+02 -3.580000e+02 2.630000e+02
    endloop
  endfacet
  facet normal 0.000000e+00 1.000000e+00 0.000000e+00
    outer loop
      vertex   -1.800000e+02 -3.580000e+02 2.630000e+02
      vertex   -1.480000e+02 -3.580000e+02 2.600000e+02
      vertex   -2.120000e+02 -3.580000e+02 2.600000e+02
    endloop
  endfacet
  facet normal 0.000000e+00 1.000000e+00 0.000000e+00
    outer loop
      vertex   -1.800000e+02 -3.580000e+02 2.630000e+02
      vertex   -2.120000e+02 -3.580000e+02 2.600000e+02
      vertex   -1.820342e+02 -3.580000e+02 2.630476e+02
    endloop
  endfacet
  facet normal 0.000000e+00 1.000000e+00 0.000000e+00
    outer loop
      vertex   -1.820342e+02 -3.580000e+02 2.630476e+02
      vertex   -2.120000e+02 -3.580000e+02 2.600000e+02
      vertex   -1.840639e+02 -3.580000e+02 2.631902e+02
    endloop
  endfacet
  facet normal 0.000000e+00 1.000000e+00 0.000000e+00
    outer loop
      vertex   -1.840639e+02 -3.580000e+02 2.631902e+02
      vertex   -2.120000e+02 -3.580000e+02 2.600000e+02
      vertex   -1.860847e+02 -3.580000e+02 2.634277e+02
    endloop
  endfacet
  facet normal 0.000000e+00 1.000000e+00 0.000000e+00
    outer loop
      vertex   -1.860847e+02 -3.580000e+02 2.634277e+02
      vertex   -2.120000e+02 -3.580000e+02 2.600000e+02
      vertex   -1.880922e+02 -3.580000e+02 2.637593e+02
    endloop
  endfacet
  facet normal 0.000000e+00 1.000000e+00 0.000000e+00
    outer loop
      vertex   -1.880922e+02 -3.580000e+02 2.637593e+02
      vertex   -2.120000e+02 -3.580000e+02 2.600000e+02
      vertex   -1.900820e+02 -3.580000e+02 2.641845e+02
    endloop
  endfacet
  facet normal 0.000000e+00 1.000000e+00 0.000000e+00
    outer loop
      vertex   -1.900820e+02 -3.580000e+02 2.641845e+02
      vertex   -2.120000e+02 -3.580000e+02 2.600000e+02
      vertex   -1.920497e+02 -3.580000e+02 2.647022e+02
    endloop
  endfacet
  facet normal 0.000000e+00 1.000000e+00 0.000000e+00
    outer loop
      vertex   -1.920497e+02 -3.580000e+02 2.647022e+02
      vertex   -2.120000e+02 -3.580000e+02 2.600000e+02
      vertex   -1.939911e+02 -3.580000e+02 2.653114e+02
    endloop
  endfacet
  facet normal 0.000000e+00 1.000000e+00 0.000000e+00
    outer loop
      vertex   -1.939911e+02 -3.580000e+02 2.653114e+02
      vertex   -2.120000e+02 -3.580000e+02 2.600000e+02
      vertex   -1.959018e+02 -3.580000e+02 2.660107e+02
    endloop
  endfacet
  facet normal 0.000000e+00 1.000000e+00 0.000000e+00
    outer loop
      vertex   -1.959018e+02 -3.580000e+02 2.660107e+02
      vertex   -2.120000e+02 -3.580000e+02 2.600000e+02
      vertex   -1.977778e+02 -3.580000e+02 2.667986e+02
    endloop
  endfacet
  facet normal 0.000000e+00 1.000000e+00 0.000000e+00
    outer loop
      vertex   -1.977778e+02 -3.580000e+02 2.667986e+02
      vertex   -2.120000e+02 -3.580000e+02 2.600000e+02
      vertex   -1.996149e+02 -3.580000e+02 2.676734e+02
    endloop
  endfacet
  facet normal 0.000000e+00 1.000000e+00 0.000000e+00
    outer loop
      vertex   -1.996149e+02 -3.580000e+02 2.676734e+02
      vertex   -2.120000e+02 -3.580000e+02 2.600000e+02
      vertex   -2.120000e+02 -3.580000e+02 2.701510e+02
    endloop
  endfacet
  facet normal 0.000000e+00 1.000000e+00 0.000000e+00
    outer loop
      vertex   -1.996149e+02 -3.580000e+02 2.676734e+02
      vertex   -2.120000e+02 -3.580000e+02 2.701510e+02
      vertex   -2.014090e+02 -3.580000e+02 2.686331e+02
    endloop
  endfacet
  facet normal 0.000000e+00 1.000000e+00 0.000000e+00
    outer loop
      vertex   -2.014090e+02 -3.580000e+02 2.686331e+02
      vertex   -2.120000e+02 -3.580000e+02 2.701510e+02
      vertex   -2.031564e+02 -3.580000e+02 2.696756e+02
    endloop
  endfacet
  facet normal 0.000000e+00 1.000000e+00 0.000000e+00
    outer loop
      vertex   -2.031564e+02 -3.580000e+02 2.696756e+02
      vertex   -2.120000e+02 -3.580000e+02 2.701510e+02
      vertex   -2.048530e+02 -3.580000e+02 2.707988e+02
    endloop
  endfacet
  facet normal 0.000000e+00 1.000000e+00 0.000000e+00
    outer loop
      vertex   -2.048530e+02 -3.580000e+02 2.707988e+02
      vertex   -2.120000e+02 -3.580000e+02 2.701510e+02
      vertex   -2.119588e+02 -3.580000e+02 2.706468e+02
    endloop
  endfacet
  facet normal 0.000000e+00 1.000000e+00 0.000000e+00
    outer loop
      vertex   -2.048530e+02 -3.580000e+02 2.707988e+02
      vertex   -2.119588e+02 -3.580000e+02 2.706468e+02
      vertex   -2.118361e+02 -3.580000e+02 2.711289e+02
    endloop
  endfacet
  facet normal -0.000000e+00 1.000000e+00 0.000000e+00
    outer loop
      vertex   -2.118361e+02 -3.580000e+02 2.711289e+02
      vertex   -2.116355e+02 -3.580000e+02 2.715842e+02
      vertex   -2.048530e+02 -3.580000e+02 2.707988e+02
    endloop
  endfacet
  facet normal 0.000000e+00 1.000000e+00 0.000000e+00
    outer loop
      vertex   -2.048530e+02 -3.580000e+02 2.707988e+02
      vertex   -2.116355e+02 -3.580000e+02 2.715842e+02
      vertex   -2.064953e+02 -3.580000e+02 2.720000e+02
    endloop
  endfacet
  facet normal 0.000000e+00 1.000000e+00 0.000000e+00
    outer loop
      vertex   -2.064953e+02 -3.580000e+02 2.720000e+02
      vertex   -2.116355e+02 -3.580000e+02 2.715842e+02
      vertex   -2.113625e+02 -3.580000e+02 2.720000e+02
    endloop
  endfacet
  facet normal 1.000000e+00 0.000000e+00 0.000000e+00
    outer loop
      vertex   -1.480000e+02 -3.580000e+02 2.701510e+02
      vertex   -1.480000e+02 -4.020000e+02 2.701510e+02
      vertex   -1.480000e+02 -3.580000e+02 2.600000e+02
    endloop
  endfacet
  facet normal 1.000000e+00 0.000000e+00 0.000000e+00
    outer loop
      vertex   -1.480000e+02 -3.580000e+02 2.600000e+02
      vertex   -1.480000e+02 -4.020000e+02 2.701510e+02
      vertex   -1.480000e+02 -4.020000e+02 2.600000e+02
    endloop
  endfacet
  facet normal -7.558384e-01 -2.636286e-04 6.547582e-01
    outer loop
      vertex   -2.111701e+02 -4.019917e+02 2.722221e+02
      vertex   -2.113127e+02 -3.910000e+02 2.720618e+02
      vertex   -2.113625e+02 -4.020000e+02 2.720000e+02
    endloop
  endfacet
  facet normal -8.229513e-01 5.267014e-04 5.681117e-01
    outer loop
      vertex   -2.113625e+02 -4.020000e+02 2.720000e+02
      vertex   -2.113127e+02 -3.910000e+02 2.720618e+02
      vertex   -2.116066e+02 -3.910000e+02 2.716362e+02
    endloop
  endfacet
  facet normal -8.358761e-01 -3.950311e-04 5.489180e-01
    outer loop
      vertex   -2.113625e+02 -4.020000e+02 2.720000e+02
      vertex   -2.116066e+02 -3.910000e+02 2.716362e+02
      vertex   -2.116355e+02 -4.020000e+02 2.715842e+02
    endloop
  endfacet
  facet normal -9.083066e-01 4.128632e-04 4.183049e-01
    outer loop
      vertex   -2.116355e+02 -4.020000e+02 2.715842e+02
      vertex   -2.116066e+02 -3.910000e+02 2.716362e+02
      vertex   -2.118230e+02 -3.910000e+02 2.711663e+02
    endloop
  endfacet
  facet normal -9.150963e-01 -2.752446e-04 4.032352e-01
    outer loop
      vertex   -2.116355e+02 -4.020000e+02 2.715842e+02
      vertex   -2.118230e+02 -3.910000e+02 2.711663e+02
      vertex   -2.118361e+02 -4.020000e+02 2.711289e+02
    endloop
  endfacet
  facet normal -9.666601e-01 2.871298e-04 2.560628e-01
    outer loop
      vertex   -2.118361e+02 -4.020000e+02 2.711289e+02
      vertex   -2.118230e+02 -3.910000e+02 2.711663e+02
      vertex   -2.119554e+02 -3.910000e+02 2.706663e+02
    endloop
  endfacet
  facet normal -9.691520e-01 -1.435657e-04 2.464637e-01
    outer loop
      vertex   -2.118361e+02 -4.020000e+02 2.711289e+02
      vertex   -2.119554e+02 -3.910000e+02 2.706663e+02
      vertex   -2.119588e+02 -4.020000e+02 2.706468e+02
    endloop
  endfacet
  facet normal -9.965566e-01 1.554461e-04 8.291459e-02
    outer loop
      vertex   -2.119588e+02 -4.020000e+02 2.706468e+02
      vertex   -2.119554e+02 -3.910000e+02 2.706663e+02
      vertex   -2.120000e+02 -4.020000e+02 2.701510e+02
    endloop
  endfacet
  facet normal -9.962771e-01 2.857213e-20 8.620852e-02
    outer loop
      vertex   -2.120000e+02 -4.020000e+02 2.701510e+02
      vertex   -2.119554e+02 -3.910000e+02 2.706663e+02
      vertex   -2.119554e+02 -3.800000e+02 2.706663e+02
    endloop
  endfacet
  facet normal -9.962771e-01 2.857213e-20 8.620852e-02
    outer loop
      vertex   -2.120000e+02 -4.020000e+02 2.701510e+02
      vertex   -2.119554e+02 -3.800000e+02 2.706663e+02
      vertex   -2.119554e+02 -3.690000e+02 2.706663e+02
    endloop
  endfacet
  facet normal -9.666602e-01 0.000000e+00 2.560628e-01
    outer loop
      vertex   -2.119554e+02 -3.690000e+02 2.706663e+02
      vertex   -2.119554e+02 -3.800000e+02 2.706663e+02
      vertex   -2.118230e+02 -3.690000e+02 2.711663e+02
    endloop
  endfacet
  facet normal -9.666601e-01 -2.871298e-04 2.560628e-01
    outer loop
      vertex   -2.119554e+02 -3.690000e+02 2.706663e+02
      vertex   -2.118230e+02 -3.690000e+02 2.711663e+02
      vertex   -2.118361e+02 -3.580000e+02 2.711289e+02
    endloop
  endfacet
  facet normal -9.150963e-01 2.752446e-04 4.032352e-01
    outer loop
      vertex   -2.118361e+02 -3.580000e+02 2.711289e+02
      vertex   -2.118230e+02 -3.690000e+02 2.711663e+02
      vertex   -2.116355e+02 -3.580000e+02 2.715842e+02
    endloop
  endfacet
  facet normal -9.083066e-01 -4.128632e-04 4.183049e-01
    outer loop
      vertex   -2.116355e+02 -3.580000e+02 2.715842e+02
      vertex   -2.118230e+02 -3.690000e+02 2.711663e+02
      vertex   -2.116066e+02 -3.690000e+02 2.716362e+02
    endloop
  endfacet
  facet normal -8.358761e-01 3.950311e-04 5.489180e-01
    outer loop
      vertex   -2.116355e+02 -3.580000e+02 2.715842e+02
      vertex   -2.116066e+02 -3.690000e+02 2.716362e+02
      vertex   -2.113625e+02 -3.580000e+02 2.720000e+02
    endloop
  endfacet
  facet normal -8.229513e-01 -5.267014e-04 5.681117e-01
    outer loop
      vertex   -2.113625e+02 -3.580000e+02 2.720000e+02
      vertex   -2.116066e+02 -3.690000e+02 2.716362e+02
      vertex   -2.113127e+02 -3.690000e+02 2.720618e+02
    endloop
  endfacet
  facet normal -7.558384e-01 2.636286e-04 6.547582e-01
    outer loop
      vertex   -2.113625e+02 -3.580000e+02 2.720000e+02
      vertex   -2.113127e+02 -3.690000e+02 2.720618e+02
      vertex   -2.111701e+02 -3.580083e+02 2.722221e+02
    endloop
  endfacet
  facet normal -7.131314e-01 -9.653165e-04 7.010298e-01
    outer loop
      vertex   -2.111701e+02 -3.580083e+02 2.722221e+02
      vertex   -2.113127e+02 -3.690000e+02 2.720618e+02
      vertex   -2.109501e+02 -3.690000e+02 2.724307e+02
    endloop
  endfacet
  facet normal -6.880025e-01 5.887280e-06 7.257083e-01
    outer loop
      vertex   -2.111701e+02 -3.580083e+02 2.722221e+02
      vertex   -2.109501e+02 -3.690000e+02 2.724307e+02
      vertex   -2.109555e+02 -3.580305e+02 2.724255e+02
    endloop
  endfacet
  facet normal -6.139722e-01 7.188028e-05 7.893276e-01
    outer loop
      vertex   -2.109555e+02 -3.580305e+02 2.724255e+02
      vertex   -2.109501e+02 -3.690000e+02 2.724307e+02
      vertex   -2.107211e+02 -3.580624e+02 2.726078e+02
    endloop
  endfacet
  facet normal -5.821120e-01 -9.803308e-04 8.131080e-01
    outer loop
      vertex   -2.107211e+02 -3.580624e+02 2.726078e+02
      vertex   -2.109501e+02 -3.690000e+02 2.724307e+02
      vertex   -2.105295e+02 -3.690000e+02 2.727318e+02
    endloop
  endfacet
  facet normal -5.332010e-01 2.489836e-04 8.459886e-01
    outer loop
      vertex   -2.107211e+02 -3.580624e+02 2.726078e+02
      vertex   -2.105295e+02 -3.690000e+02 2.727318e+02
      vertex   -2.104695e+02 -3.580996e+02 2.727664e+02
    endloop
  endfacet
  facet normal -4.452180e-01 -3.931151e-04 8.954221e-01
    outer loop
      vertex   -2.104695e+02 -3.580996e+02 2.727664e+02
      vertex   -2.105295e+02 -3.690000e+02 2.727318e+02
      vertex   -2.102029e+02 -3.581375e+02 2.728990e+02
    endloop
  endfacet
  facet normal -4.337879e-01 -8.228858e-04 9.010146e-01
    outer loop
      vertex   -2.102029e+02 -3.581375e+02 2.728990e+02
      vertex   -2.105295e+02 -3.690000e+02 2.727318e+02
      vertex   -2.100635e+02 -3.690000e+02 2.729562e+02
    endloop
  endfacet
  facet normal -3.532762e-01 3.921818e-04 9.355190e-01
    outer loop
      vertex   -2.102029e+02 -3.581375e+02 2.728990e+02
      vertex   -2.100635e+02 -3.690000e+02 2.729562e+02
      vertex   -2.099244e+02 -3.581720e+02 2.730041e+02
    endloop
  endfacet
  facet normal -2.725683e-01 -7.623611e-04 9.621361e-01
    outer loop
      vertex   -2.099244e+02 -3.581720e+02 2.730041e+02
      vertex   -2.100635e+02 -3.690000e+02 2.729562e+02
      vertex   -2.095658e+02 -3.690000e+02 2.730972e+02
    endloop
  endfacet
  facet normal -2.603670e-01 -3.293123e-04 9.655097e-01
    outer loop
      vertex   -2.099244e+02 -3.581720e+02 2.730041e+02
      vertex   -2.095658e+02 -3.690000e+02 2.730972e+02
      vertex   -2.096376e+02 -3.582005e+02 2.730815e+02
    endloop
  endfacet
  facet normal -1.656629e-01 3.305373e-04 9.861824e-01
    outer loop
      vertex   -2.096376e+02 -3.582005e+02 2.730815e+02
      vertex   -2.095658e+02 -3.690000e+02 2.730972e+02
      vertex   -2.093463e+02 -3.582204e+02 2.731304e+02
    endloop
  endfacet
  facet normal -1.036826e-01 -9.578503e-04 9.946100e-01
    outer loop
      vertex   -2.093463e+02 -3.582204e+02 2.731304e+02
      vertex   -2.095658e+02 -3.690000e+02 2.730972e+02
      vertex   -2.090540e+02 -3.690000e+02 2.731505e+02
    endloop
  endfacet
  facet normal -6.849839e-02 1.878026e-06 9.976512e-01
    outer loop
      vertex   -2.093463e+02 -3.582204e+02 2.731304e+02
      vertex   -2.090540e+02 -3.690000e+02 2.731505e+02
      vertex   -2.090540e+02 -3.582293e+02 2.731505e+02
    endloop
  endfacet
  facet normal 3.162909e-02 1.878114e-06 9.994997e-01
    outer loop
      vertex   -2.090540e+02 -3.582293e+02 2.731505e+02
      vertex   -2.090540e+02 -3.690000e+02 2.731505e+02
      vertex   -2.087621e+02 -3.582252e+02 2.731413e+02
    endloop
  endfacet
  facet normal 6.870776e-02 -1.003970e-03 9.976363e-01
    outer loop
      vertex   -2.087621e+02 -3.582252e+02 2.731413e+02
      vertex   -2.090540e+02 -3.690000e+02 2.731505e+02
      vertex   -2.085353e+02 -3.690000e+02 2.731148e+02
    endloop
  endfacet
  facet normal 1.299953e-01 3.012223e-04 9.915146e-01
    outer loop
      vertex   -2.087621e+02 -3.582252e+02 2.731413e+02
      vertex   -2.085353e+02 -3.690000e+02 2.731148e+02
      vertex   -2.084700e+02 -3.582090e+02 2.731029e+02
    endloop
  endfacet
  facet normal 2.255170e-01 -2.960022e-04 9.742392e-01
    outer loop
      vertex   -2.084700e+02 -3.582090e+02 2.731029e+02
      vertex   -2.085353e+02 -3.690000e+02 2.731148e+02
      vertex   -2.081811e+02 -3.581834e+02 2.730361e+02
    endloop
  endfacet
  facet normal 2.394822e-01 -7.776413e-04 9.709005e-01
    outer loop
      vertex   -2.081811e+02 -3.581834e+02 2.730361e+02
      vertex   -2.085353e+02 -3.690000e+02 2.731148e+02
      vertex   -2.080331e+02 -3.690000e+02 2.729909e+02
    endloop
  endfacet
  facet normal 3.189643e-01 4.062387e-04 9.477667e-01
    outer loop
      vertex   -2.081811e+02 -3.581834e+02 2.730361e+02
      vertex   -2.080331e+02 -3.690000e+02 2.729909e+02
      vertex   -2.078991e+02 -3.581509e+02 2.729412e+02
    endloop
  endfacet
  facet normal 4.026991e-01 -7.769018e-04 9.153321e-01
    outer loop
      vertex   -2.078991e+02 -3.581509e+02 2.729412e+02
      vertex   -2.080331e+02 -3.690000e+02 2.729909e+02
      vertex   -2.075597e+02 -3.690000e+02 2.727826e+02
    endloop
  endfacet
  facet normal 4.113117e-01 -4.513648e-04 9.114947e-01
    outer loop
      vertex   -2.078991e+02 -3.581509e+02 2.729412e+02
      vertex   -2.075597e+02 -3.690000e+02 2.727826e+02
      vertex   -2.076277e+02 -3.581139e+02 2.728187e+02
    endloop
  endfacet
  facet normal 5.009344e-01 2.613000e-04 8.654852e-01
    outer loop
      vertex   -2.076277e+02 -3.581139e+02 2.728187e+02
      vertex   -2.075597e+02 -3.690000e+02 2.727826e+02
      vertex   -2.073702e+02 -3.580757e+02 2.726697e+02
    endloop
  endfacet
  facet normal 5.843048e-01 -1.742655e-03 8.115324e-01
    outer loop
      vertex   -2.073702e+02 -3.580757e+02 2.726697e+02
      vertex   -2.075597e+02 -3.690000e+02 2.727826e+02
      vertex   -2.071290e+02 -3.580413e+02 2.724961e+02
    endloop
  endfacet
  facet normal 5.539449e-01 -5.657892e-19 8.325533e-01
    outer loop
      vertex   -2.071290e+02 -3.580413e+02 2.724961e+02
      vertex   -2.075597e+02 -3.690000e+02 2.727826e+02
      vertex   -2.075597e+02 -3.800000e+02 2.727826e+02
    endloop
  endfacet
  facet normal 5.415571e-01 3.487735e-04 8.406639e-01
    outer loop
      vertex   -2.071290e+02 -3.580413e+02 2.724961e+02
      vertex   -2.075597e+02 -3.800000e+02 2.727826e+02
      vertex   -2.073702e+02 -4.019243e+02 2.726697e+02
    endloop
  endfacet
  facet normal 5.120917e-01 -1.870728e-19 8.589308e-01
    outer loop
      vertex   -2.073702e+02 -4.019243e+02 2.726697e+02
      vertex   -2.075597e+02 -3.800000e+02 2.727826e+02
      vertex   -2.075597e+02 -3.910000e+02 2.727826e+02
    endloop
  endfacet
  facet normal 5.009344e-01 -2.613000e-04 8.654852e-01
    outer loop
      vertex   -2.073702e+02 -4.019243e+02 2.726697e+02
      vertex   -2.075597e+02 -3.910000e+02 2.727826e+02
      vertex   -2.076277e+02 -4.018861e+02 2.728187e+02
    endloop
  endfacet
  facet normal 4.113117e-01 4.513648e-04 9.114947e-01
    outer loop
      vertex   -2.076277e+02 -4.018861e+02 2.728187e+02
      vertex   -2.075597e+02 -3.910000e+02 2.727826e+02
      vertex   -2.078991e+02 -4.018492e+02 2.729412e+02
    endloop
  endfacet
  facet normal 4.026991e-01 7.769018e-04 9.153321e-01
    outer loop
      vertex   -2.078991e+02 -4.018492e+02 2.729412e+02
      vertex   -2.075597e+02 -3.910000e+02 2.727826e+02
      vertex   -2.080331e+02 -3.910000e+02 2.729909e+02
    endloop
  endfacet
  facet normal 3.189643e-01 -4.062387e-04 9.477667e-01
    outer loop
      vertex   -2.078991e+02 -4.018492e+02 2.729412e+02
      vertex   -2.080331e+02 -3.910000e+02 2.729909e+02
      vertex   -2.081811e+02 -4.018166e+02 2.730361e+02
    endloop
  endfacet
  facet normal 2.394822e-01 7.776413e-04 9.709005e-01
    outer loop
      vertex   -2.081811e+02 -4.018166e+02 2.730361e+02
      vertex   -2.080331e+02 -3.910000e+02 2.729909e+02
      vertex   -2.085353e+02 -3.910000e+02 2.731148e+02
    endloop
  endfacet
  facet normal 2.255170e-01 2.960022e-04 9.742392e-01
    outer loop
      vertex   -2.081811e+02 -4.018166e+02 2.730361e+02
      vertex   -2.085353e+02 -3.910000e+02 2.731148e+02
      vertex   -2.084700e+02 -4.017910e+02 2.731029e+02
    endloop
  endfacet
  facet normal 1.299953e-01 -3.012223e-04 9.915146e-01
    outer loop
      vertex   -2.084700e+02 -4.017910e+02 2.731029e+02
      vertex   -2.085353e+02 -3.910000e+02 2.731148e+02
      vertex   -2.087621e+02 -4.017748e+02 2.731413e+02
    endloop
  endfacet
  facet normal 6.870776e-02 1.003970e-03 9.976363e-01
    outer loop
      vertex   -2.087621e+02 -4.017748e+02 2.731413e+02
      vertex   -2.085353e+02 -3.910000e+02 2.731148e+02
      vertex   -2.090540e+02 -3.910000e+02 2.731505e+02
    endloop
  endfacet
  facet normal 3.162909e-02 -1.878114e-06 9.994997e-01
    outer loop
      vertex   -2.087621e+02 -4.017748e+02 2.731413e+02
      vertex   -2.090540e+02 -3.910000e+02 2.731505e+02
      vertex   -2.090540e+02 -4.017707e+02 2.731505e+02
    endloop
  endfacet
  facet normal -6.849839e-02 -1.878026e-06 9.976512e-01
    outer loop
      vertex   -2.090540e+02 -4.017707e+02 2.731505e+02
      vertex   -2.090540e+02 -3.910000e+02 2.731505e+02
      vertex   -2.093463e+02 -4.017796e+02 2.731304e+02
    endloop
  endfacet
  facet normal -1.036826e-01 9.578503e-04 9.946100e-01
    outer loop
      vertex   -2.093463e+02 -4.017796e+02 2.731304e+02
      vertex   -2.090540e+02 -3.910000e+02 2.731505e+02
      vertex   -2.095658e+02 -3.910000e+02 2.730972e+02
    endloop
  endfacet
  facet normal -1.656629e-01 -3.305373e-04 9.861824e-01
    outer loop
      vertex   -2.093463e+02 -4.017796e+02 2.731304e+02
      vertex   -2.095658e+02 -3.910000e+02 2.730972e+02
      vertex   -2.096376e+02 -4.017995e+02 2.730815e+02
    endloop
  endfacet
  facet normal -2.603670e-01 3.293123e-04 9.655097e-01
    outer loop
      vertex   -2.096376e+02 -4.017995e+02 2.730815e+02
      vertex   -2.095658e+02 -3.910000e+02 2.730972e+02
      vertex   -2.099244e+02 -4.018280e+02 2.730041e+02
    endloop
  endfacet
  facet normal -2.725683e-01 7.623611e-04 9.621361e-01
    outer loop
      vertex   -2.099244e+02 -4.018280e+02 2.730041e+02
      vertex   -2.095658e+02 -3.910000e+02 2.730972e+02
      vertex   -2.100635e+02 -3.910000e+02 2.729562e+02
    endloop
  endfacet
  facet normal -3.532762e-01 -3.921818e-04 9.355190e-01
    outer loop
      vertex   -2.099244e+02 -4.018280e+02 2.730041e+02
      vertex   -2.100635e+02 -3.910000e+02 2.729562e+02
      vertex   -2.102029e+02 -4.018625e+02 2.728990e+02
    endloop
  endfacet
  facet normal -4.337879e-01 8.228858e-04 9.010146e-01
    outer loop
      vertex   -2.102029e+02 -4.018625e+02 2.728990e+02
      vertex   -2.100635e+02 -3.910000e+02 2.729562e+02
      vertex   -2.105295e+02 -3.910000e+02 2.727318e+02
    endloop
  endfacet
  facet normal -4.452180e-01 3.931151e-04 8.954221e-01
    outer loop
      vertex   -2.102029e+02 -4.018625e+02 2.728990e+02
      vertex   -2.105295e+02 -3.910000e+02 2.727318e+02
      vertex   -2.104695e+02 -4.019004e+02 2.727664e+02
    endloop
  endfacet
  facet normal -5.332010e-01 -2.489836e-04 8.459886e-01
    outer loop
      vertex   -2.104695e+02 -4.019004e+02 2.727664e+02
      vertex   -2.105295e+02 -3.910000e+02 2.727318e+02
      vertex   -2.107211e+02 -4.019377e+02 2.726078e+02
    endloop
  endfacet
  facet normal -5.821120e-01 9.803308e-04 8.131080e-01
    outer loop
      vertex   -2.107211e+02 -4.019377e+02 2.726078e+02
      vertex   -2.105295e+02 -3.910000e+02 2.727318e+02
      vertex   -2.109501e+02 -3.910000e+02 2.724307e+02
    endloop
  endfacet
  facet normal -6.139722e-01 -7.188028e-05 7.893276e-01
    outer loop
      vertex   -2.107211e+02 -4.019377e+02 2.726078e+02
      vertex   -2.109501e+02 -3.910000e+02 2.724307e+02
      vertex   -2.109555e+02 -4.019695e+02 2.724255e+02
    endloop
  endfacet
  facet normal -6.880025e-01 -5.887280e-06 7.257083e-01
    outer loop
      vertex   -2.109555e+02 -4.019695e+02 2.724255e+02
      vertex   -2.109501e+02 -3.910000e+02 2.724307e+02
      vertex   -2.111701e+02 -4.019917e+02 2.722221e+02
    endloop
  endfacet
  facet normal -7.131314e-01 9.653165e-04 7.010298e-01
    outer loop
      vertex   -2.111701e+02 -4.019917e+02 2.722221e+02
      vertex   -2.109501e+02 -3.910000e+02 2.724307e+02
      vertex   -2.113127e+02 -3.910000e+02 2.720618e+02
    endloop
  endfacet
  facet normal 5.841420e-01 -1.428430e-15 8.116515e-01
    outer loop
      vertex   -2.073702e+02 -4.019243e+02 2.726697e+02
      vertex   -2.071290e+02 -4.019587e+02 2.724961e+02
      vertex   -2.071290e+02 -3.580413e+02 2.724961e+02
    endloop
  endfacet
  facet normal -9.691520e-01 1.435657e-04 2.464637e-01
    outer loop
      vertex   -2.118361e+02 -3.580000e+02 2.711289e+02
      vertex   -2.119588e+02 -3.580000e+02 2.706468e+02
      vertex   -2.119554e+02 -3.690000e+02 2.706663e+02
    endloop
  endfacet
  facet normal -9.955029e-01 -1.341249e-04 9.473051e-02
    outer loop
      vertex   -2.119554e+02 -3.690000e+02 2.706663e+02
      vertex   -2.119588e+02 -3.580000e+02 2.706468e+02
      vertex   -2.120000e+02 -4.020000e+02 2.701510e+02
    endloop
  endfacet
  facet normal -9.965567e-01 -1.059080e-20 8.291460e-02
    outer loop
      vertex   -2.119588e+02 -3.580000e+02 2.706468e+02
      vertex   -2.120000e+02 -3.580000e+02 2.701510e+02
      vertex   -2.120000e+02 -4.020000e+02 2.701510e+02
    endloop
  endfacet
  facet normal -8.229514e-01 0.000000e+00 5.681118e-01
    outer loop
      vertex   -2.116066e+02 -3.690000e+02 2.716362e+02
      vertex   -2.116066e+02 -3.800000e+02 2.716362e+02
      vertex   -2.113127e+02 -3.690000e+02 2.720618e+02
    endloop
  endfacet
  facet normal -8.229514e-01 0.000000e+00 5.681118e-01
    outer loop
      vertex   -2.113127e+02 -3.690000e+02 2.720618e+02
      vertex   -2.116066e+02 -3.800000e+02 2.716362e+02
      vertex   -2.113127e+02 -3.800000e+02 2.720618e+02
    endloop
  endfacet
  facet normal -7.131317e-01 0.000000e+00 7.010301e-01
    outer loop
      vertex   -2.113127e+02 -3.690000e+02 2.720618e+02
      vertex   -2.113127e+02 -3.800000e+02 2.720618e+02
      vertex   -2.109501e+02 -3.690000e+02 2.724307e+02
    endloop
  endfacet
  facet normal -7.131317e-01 0.000000e+00 7.010301e-01
    outer loop
      vertex   -2.109501e+02 -3.690000e+02 2.724307e+02
      vertex   -2.113127e+02 -3.800000e+02 2.720618e+02
      vertex   -2.109501e+02 -3.800000e+02 2.724307e+02
    endloop
  endfacet
  facet normal -5.821123e-01 0.000000e+00 8.131084e-01
    outer loop
      vertex   -2.109501e+02 -3.690000e+02 2.724307e+02
      vertex   -2.109501e+02 -3.800000e+02 2.724307e+02
      vertex   -2.105295e+02 -3.690000e+02 2.727318e+02
    endloop
  endfacet
  facet normal -5.821123e-01 0.000000e+00 8.131084e-01
    outer loop
      vertex   -2.105295e+02 -3.690000e+02 2.727318e+02
      vertex   -2.109501e+02 -3.800000e+02 2.724307e+02
      vertex   -2.105295e+02 -3.800000e+02 2.727318e+02
    endloop
  endfacet
  facet normal -4.337881e-01 0.000000e+00 9.010149e-01
    outer loop
      vertex   -2.105295e+02 -3.690000e+02 2.727318e+02
      vertex   -2.105295e+02 -3.800000e+02 2.727318e+02
      vertex   -2.100635e+02 -3.690000e+02 2.729562e+02
    endloop
  endfacet
  facet normal -4.337881e-01 0.000000e+00 9.010149e-01
    outer loop
      vertex   -2.100635e+02 -3.690000e+02 2.729562e+02
      vertex   -2.105295e+02 -3.800000e+02 2.727318e+02
      vertex   -2.100635e+02 -3.800000e+02 2.729562e+02
    endloop
  endfacet
  facet normal -2.725683e-01 0.000000e+00 9.621364e-01
    outer loop
      vertex   -2.100635e+02 -3.690000e+02 2.729562e+02
      vertex   -2.100635e+02 -3.800000e+02 2.729562e+02
      vertex   -2.095658e+02 -3.690000e+02 2.730972e+02
    endloop
  endfacet
  facet normal -2.725683e-01 0.000000e+00 9.621364e-01
    outer loop
      vertex   -2.095658e+02 -3.690000e+02 2.730972e+02
      vertex   -2.100635e+02 -3.800000e+02 2.729562e+02
      vertex   -2.095658e+02 -3.800000e+02 2.730972e+02
    endloop
  endfacet
  facet normal -1.036827e-01 0.000000e+00 9.946104e-01
    outer loop
      vertex   -2.095658e+02 -3.690000e+02 2.730972e+02
      vertex   -2.095658e+02 -3.800000e+02 2.730972e+02
      vertex   -2.090540e+02 -3.690000e+02 2.731505e+02
    endloop
  endfacet
  facet normal -1.036827e-01 0.000000e+00 9.946104e-01
    outer loop
      vertex   -2.090540e+02 -3.690000e+02 2.731505e+02
      vertex   -2.095658e+02 -3.800000e+02 2.730972e+02
      vertex   -2.090540e+02 -3.800000e+02 2.731505e+02
    endloop
  endfacet
  facet normal 6.870779e-02 0.000000e+00 9.976368e-01
    outer loop
      vertex   -2.090540e+02 -3.690000e+02 2.731505e+02
      vertex   -2.090540e+02 -3.800000e+02 2.731505e+02
      vertex   -2.085353e+02 -3.690000e+02 2.731148e+02
    endloop
  endfacet
  facet normal 6.870779e-02 0.000000e+00 9.976368e-01
    outer loop
      vertex   -2.085353e+02 -3.690000e+02 2.731148e+02
      vertex   -2.090540e+02 -3.800000e+02 2.731505e+02
      vertex   -2.085353e+02 -3.800000e+02 2.731148e+02
    endloop
  endfacet
  facet normal 2.394822e-01 0.000000e+00 9.709007e-01
    outer loop
      vertex   -2.085353e+02 -3.690000e+02 2.731148e+02
      vertex   -2.085353e+02 -3.800000e+02 2.731148e+02
      vertex   -2.080331e+02 -3.690000e+02 2.729909e+02
    endloop
  endfacet
  facet normal 2.394822e-01 0.000000e+00 9.709007e-01
    outer loop
      vertex   -2.080331e+02 -3.690000e+02 2.729909e+02
      vertex   -2.085353e+02 -3.800000e+02 2.731148e+02
      vertex   -2.080331e+02 -3.800000e+02 2.729909e+02
    endloop
  endfacet
  facet normal 4.026992e-01 0.000000e+00 9.153324e-01
    outer loop
      vertex   -2.080331e+02 -3.690000e+02 2.729909e+02
      vertex   -2.080331e+02 -3.800000e+02 2.729909e+02
      vertex   -2.075597e+02 -3.690000e+02 2.727826e+02
    endloop
  endfacet
  facet normal 4.026992e-01 0.000000e+00 9.153324e-01
    outer loop
      vertex   -2.075597e+02 -3.690000e+02 2.727826e+02
      vertex   -2.080331e+02 -3.800000e+02 2.729909e+02
      vertex   -2.075597e+02 -3.800000e+02 2.727826e+02
    endloop
  endfacet
  facet normal -8.229514e-01 0.000000e+00 5.681118e-01
    outer loop
      vertex   -2.116066e+02 -3.800000e+02 2.716362e+02
      vertex   -2.116066e+02 -3.910000e+02 2.716362e+02
      vertex   -2.113127e+02 -3.800000e+02 2.720618e+02
    endloop
  endfacet
  facet normal -8.229514e-01 0.000000e+00 5.681118e-01
    outer loop
      vertex   -2.113127e+02 -3.800000e+02 2.720618e+02
      vertex   -2.116066e+02 -3.910000e+02 2.716362e+02
      vertex   -2.113127e+02 -3.910000e+02 2.720618e+02
    endloop
  endfacet
  facet normal -7.131317e-01 0.000000e+00 7.010301e-01
    outer loop
      vertex   -2.113127e+02 -3.800000e+02 2.720618e+02
      vertex   -2.113127e+02 -3.910000e+02 2.720618e+02
      vertex   -2.109501e+02 -3.800000e+02 2.724307e+02
    endloop
  endfacet
  facet normal -7.131317e-01 0.000000e+00 7.010301e-01
    outer loop
      vertex   -2.109501e+02 -3.800000e+02 2.724307e+02
      vertex   -2.113127e+02 -3.910000e+02 2.720618e+02
      vertex   -2.109501e+02 -3.910000e+02 2.724307e+02
    endloop
  endfacet
  facet normal -5.821123e-01 0.000000e+00 8.131084e-01
    outer loop
      vertex   -2.109501e+02 -3.800000e+02 2.724307e+02
      vertex   -2.109501e+02 -3.910000e+02 2.724307e+02
      vertex   -2.105295e+02 -3.800000e+02 2.727318e+02
    endloop
  endfacet
  facet normal -5.821123e-01 0.000000e+00 8.131084e-01
    outer loop
      vertex   -2.105295e+02 -3.800000e+02 2.727318e+02
      vertex   -2.109501e+02 -3.910000e+02 2.724307e+02
      vertex   -2.105295e+02 -3.910000e+02 2.727318e+02
    endloop
  endfacet
  facet normal -4.337881e-01 0.000000e+00 9.010149e-01
    outer loop
      vertex   -2.105295e+02 -3.800000e+02 2.727318e+02
      vertex   -2.105295e+02 -3.910000e+02 2.727318e+02
      vertex   -2.100635e+02 -3.800000e+02 2.729562e+02
    endloop
  endfacet
  facet normal -4.337881e-01 0.000000e+00 9.010149e-01
    outer loop
      vertex   -2.100635e+02 -3.800000e+02 2.729562e+02
      vertex   -2.105295e+02 -3.910000e+02 2.727318e+02
      vertex   -2.100635e+02 -3.910000e+02 2.729562e+02
    endloop
  endfacet
  facet normal -2.725683e-01 0.000000e+00 9.621364e-01
    outer loop
      vertex   -2.100635e+02 -3.800000e+02 2.729562e+02
      vertex   -2.100635e+02 -3.910000e+02 2.729562e+02
      vertex   -2.095658e+02 -3.800000e+02 2.730972e+02
    endloop
  endfacet
  facet normal -2.725683e-01 0.000000e+00 9.621364e-01
    outer loop
      vertex   -2.095658e+02 -3.800000e+02 2.730972e+02
      vertex   -2.100635e+02 -3.910000e+02 2.729562e+02
      vertex   -2.095658e+02 -3.910000e+02 2.730972e+02
    endloop
  endfacet
  facet normal -1.036827e-01 0.000000e+00 9.946104e-01
    outer loop
      vertex   -2.095658e+02 -3.800000e+02 2.730972e+02
      vertex   -2.095658e+02 -3.910000e+02 2.730972e+02
      vertex   -2.090540e+02 -3.800000e+02 2.731505e+02
    endloop
  endfacet
  facet normal -1.036827e-01 0.000000e+00 9.946104e-01
    outer loop
      vertex   -2.090540e+02 -3.800000e+02 2.731505e+02
      vertex   -2.095658e+02 -3.910000e+02 2.730972e+02
      vertex   -2.090540e+02 -3.910000e+02 2.731505e+02
    endloop
  endfacet
  facet normal 6.870779e-02 0.000000e+00 9.976368e-01
    outer loop
      vertex   -2.090540e+02 -3.800000e+02 2.731505e+02
      vertex   -2.090540e+02 -3.910000e+02 2.731505e+02
      vertex   -2.085353e+02 -3.800000e+02 2.731148e+02
    endloop
  endfacet
  facet normal 6.870779e-02 0.000000e+00 9.976368e-01
    outer loop
      vertex   -2.085353e+02 -3.800000e+02 2.731148e+02
      vertex   -2.090540e+02 -3.910000e+02 2.731505e+02
      vertex   -2.085353e+02 -3.910000e+02 2.731148e+02
    endloop
  endfacet
  facet normal 2.394822e-01 0.000000e+00 9.709007e-01
    outer loop
      vertex   -2.085353e+02 -3.800000e+02 2.731148e+02
      vertex   -2.085353e+02 -3.910000e+02 2.731148e+02
      vertex   -2.080331e+02 -3.800000e+02 2.729909e+02
    endloop
  endfacet
  facet normal 2.394822e-01 0.000000e+00 9.709007e-01
    outer loop
      vertex   -2.080331e+02 -3.800000e+02 2.729909e+02
      vertex   -2.085353e+02 -3.910000e+02 2.731148e+02
      vertex   -2.080331e+02 -3.910000e+02 2.729909e+02
    endloop
  endfacet
  facet normal 4.026992e-01 0.000000e+00 9.153324e-01
    outer loop
      vertex   -2.080331e+02 -3.800000e+02 2.729909e+02
      vertex   -2.080331e+02 -3.910000e+02 2.729909e+02
      vertex   -2.075597e+02 -3.800000e+02 2.727826e+02
    endloop
  endfacet
  facet normal 4.026992e-01 0.000000e+00 9.153324e-01
    outer loop
      vertex   -2.075597e+02 -3.800000e+02 2.727826e+02
      vertex   -2.080331e+02 -3.910000e+02 2.729909e+02
      vertex   -2.075597e+02 -3.910000e+02 2.727826e+02
    endloop
  endfacet
  facet normal -9.083067e-01 0.000000e+00 4.183049e-01
    outer loop
      vertex   -2.116066e+02 -3.800000e+02 2.716362e+02
      vertex   -2.116066e+02 -3.690000e+02 2.716362e+02
      vertex   -2.118230e+02 -3.800000e+02 2.711663e+02
    endloop
  endfacet
  facet normal -9.083067e-01 0.000000e+00 4.183049e-01
    outer loop
      vertex   -2.118230e+02 -3.800000e+02 2.711663e+02
      vertex   -2.116066e+02 -3.690000e+02 2.716362e+02
      vertex   -2.118230e+02 -3.690000e+02 2.711663e+02
    endloop
  endfacet
  facet normal -9.666602e-01 0.000000e+00 2.560628e-01
    outer loop
      vertex   -2.118230e+02 -3.800000e+02 2.711663e+02
      vertex   -2.118230e+02 -3.690000e+02 2.711663e+02
      vertex   -2.119554e+02 -3.800000e+02 2.706663e+02
    endloop
  endfacet
  facet normal -9.083067e-01 0.000000e+00 4.183049e-01
    outer loop
      vertex   -2.116066e+02 -3.910000e+02 2.716362e+02
      vertex   -2.116066e+02 -3.800000e+02 2.716362e+02
      vertex   -2.118230e+02 -3.910000e+02 2.711663e+02
    endloop
  endfacet
  facet normal -9.083067e-01 0.000000e+00 4.183049e-01
    outer loop
      vertex   -2.118230e+02 -3.910000e+02 2.711663e+02
      vertex   -2.116066e+02 -3.800000e+02 2.716362e+02
      vertex   -2.118230e+02 -3.800000e+02 2.711663e+02
    endloop
  endfacet
  facet normal -9.666602e-01 0.000000e+00 2.560628e-01
    outer loop
      vertex   -2.118230e+02 -3.910000e+02 2.711663e+02
      vertex   -2.118230e+02 -3.800000e+02 2.711663e+02
      vertex   -2.119554e+02 -3.910000e+02 2.706663e+02
    endloop
  endfacet
  facet normal -9.666602e-01 0.000000e+00 2.560628e-01
    outer loop
      vertex   -2.119554e+02 -3.910000e+02 2.706663e+02
      vertex   -2.118230e+02 -3.800000e+02 2.711663e+02
      vertex   -2.119554e+02 -3.800000e+02 2.706663e+02
    endloop
  endfacet
  facet normal -0.000000e+00 9.992962e-01 3.751235e-02
    outer loop
      vertex   -2.113625e+02 -3.580000e+02 2.720000e+02
      vertex   -2.111701e+02 -3.580083e+02 2.722221e+02
      vertex   -2.064953e+02 -3.580000e+02 2.720000e+02
    endloop
  endfacet
  facet normal 2.303625e-03 9.963019e-01 8.589045e-02
    outer loop
      vertex   -2.064953e+02 -3.580000e+02 2.720000e+02
      vertex   -2.111701e+02 -3.580083e+02 2.722221e+02
      vertex   -2.071290e+02 -3.580413e+02 2.724961e+02
    endloop
  endfacet
  facet normal 8.155217e-04 9.941957e-01 1.075832e-01
    outer loop
      vertex   -2.071290e+02 -3.580413e+02 2.724961e+02
      vertex   -2.111701e+02 -3.580083e+02 2.722221e+02
      vertex   -2.109555e+02 -3.580305e+02 2.724255e+02
    endloop
  endfacet
  facet normal -4.065168e-04 9.850177e-01 1.724526e-01
    outer loop
      vertex   -2.071290e+02 -3.580413e+02 2.724961e+02
      vertex   -2.109555e+02 -3.580305e+02 2.724255e+02
      vertex   -2.107211e+02 -3.580624e+02 2.726078e+02
    endloop
  endfacet
  facet normal 3.131109e-04 9.808427e-01 1.948009e-01
    outer loop
      vertex   -2.071290e+02 -3.580413e+02 2.724961e+02
      vertex   -2.107211e+02 -3.580624e+02 2.726078e+02
      vertex   -2.073702e+02 -3.580757e+02 2.726697e+02
    endloop
  endfacet
  facet normal -3.465652e-04 9.734368e-01 2.289556e-01
    outer loop
      vertex   -2.073702e+02 -3.580757e+02 2.726697e+02
      vertex   -2.107211e+02 -3.580624e+02 2.726078e+02
      vertex   -2.104695e+02 -3.580996e+02 2.727664e+02
    endloop
  endfacet
  facet normal 3.011452e-04 9.686293e-01 2.485098e-01
    outer loop
      vertex   -2.073702e+02 -3.580757e+02 2.726697e+02
      vertex   -2.104695e+02 -3.580996e+02 2.727664e+02
      vertex   -2.076277e+02 -3.581139e+02 2.728187e+02
    endloop
  endfacet
  facet normal -2.382244e-04 9.612130e-01 2.758072e-01
    outer loop
      vertex   -2.076277e+02 -3.581139e+02 2.728187e+02
      vertex   -2.104695e+02 -3.580996e+02 2.727664e+02
      vertex   -2.102029e+02 -3.581375e+02 2.728990e+02
    endloop
  endfacet
  facet normal 2.308207e-04 9.571311e-01 2.896550e-01
    outer loop
      vertex   -2.076277e+02 -3.581139e+02 2.728187e+02
      vertex   -2.102029e+02 -3.581375e+02 2.728990e+02
      vertex   -2.078991e+02 -3.581509e+02 2.729412e+02
    endloop
  endfacet
  facet normal -2.219147e-04 9.500389e-01 3.121314e-01
    outer loop
      vertex   -2.078991e+02 -3.581509e+02 2.729412e+02
      vertex   -2.102029e+02 -3.581375e+02 2.728990e+02
      vertex   -2.099244e+02 -3.581720e+02 2.730041e+02
    endloop
  endfacet
  facet normal 2.243446e-04 9.457052e-01 3.250257e-01
    outer loop
      vertex   -2.078991e+02 -3.581509e+02 2.729412e+02
      vertex   -2.099244e+02 -3.581720e+02 2.730041e+02
      vertex   -2.081811e+02 -3.581834e+02 2.730361e+02
    endloop
  endfacet
  facet normal -2.141971e-04 9.381362e-01 3.462664e-01
    outer loop
      vertex   -2.081811e+02 -3.581834e+02 2.730361e+02
      vertex   -2.099244e+02 -3.581720e+02 2.730041e+02
      vertex   -2.096376e+02 -3.582005e+02 2.730815e+02
    endloop
  endfacet
  facet normal 2.191103e-04 9.335507e-01 3.584454e-01
    outer loop
      vertex   -2.081811e+02 -3.581834e+02 2.730361e+02
      vertex   -2.096376e+02 -3.582005e+02 2.730815e+02
      vertex   -2.084700e+02 -3.582090e+02 2.731029e+02
    endloop
  endfacet
  facet normal -2.057362e-04 9.256411e-01 3.784025e-01
    outer loop
      vertex   -2.084700e+02 -3.582090e+02 2.731029e+02
      vertex   -2.096376e+02 -3.582005e+02 2.730815e+02
      vertex   -2.093463e+02 -3.582204e+02 2.731304e+02
    endloop
  endfacet
  facet normal 2.152635e-04 9.208784e-01 3.898498e-01
    outer loop
      vertex   -2.084700e+02 -3.582090e+02 2.731029e+02
      vertex   -2.093463e+02 -3.582204e+02 2.731304e+02
      vertex   -2.087621e+02 -3.582252e+02 2.731413e+02
    endloop
  endfacet
  facet normal -1.852741e-04 9.129811e-01 4.080017e-01
    outer loop
      vertex   -2.087621e+02 -3.582252e+02 2.731413e+02
      vertex   -2.093463e+02 -3.582204e+02 2.731304e+02
      vertex   -2.090540e+02 -3.582293e+02 2.731505e+02
    endloop
  endfacet
  facet normal 3.131109e-04 -9.808427e-01 1.948009e-01
    outer loop
      vertex   -2.073702e+02 -4.019243e+02 2.726697e+02
      vertex   -2.107211e+02 -4.019377e+02 2.726078e+02
      vertex   -2.071290e+02 -4.019587e+02 2.724961e+02
    endloop
  endfacet
  facet normal -4.065168e-04 -9.850177e-01 1.724526e-01
    outer loop
      vertex   -2.071290e+02 -4.019587e+02 2.724961e+02
      vertex   -2.107211e+02 -4.019377e+02 2.726078e+02
      vertex   -2.109555e+02 -4.019695e+02 2.724255e+02
    endloop
  endfacet
  facet normal 8.155217e-04 -9.941957e-01 1.075832e-01
    outer loop
      vertex   -2.071290e+02 -4.019587e+02 2.724961e+02
      vertex   -2.109555e+02 -4.019695e+02 2.724255e+02
      vertex   -2.111701e+02 -4.019917e+02 2.722221e+02
    endloop
  endfacet
  facet normal -3.465652e-04 -9.734368e-01 2.289556e-01
    outer loop
      vertex   -2.107211e+02 -4.019377e+02 2.726078e+02
      vertex   -2.073702e+02 -4.019243e+02 2.726697e+02
      vertex   -2.104695e+02 -4.019004e+02 2.727664e+02
    endloop
  endfacet
  facet normal 3.011452e-04 -9.686293e-01 2.485098e-01
    outer loop
      vertex   -2.104695e+02 -4.019004e+02 2.727664e+02
      vertex   -2.073702e+02 -4.019243e+02 2.726697e+02
      vertex   -2.076277e+02 -4.018861e+02 2.728187e+02
    endloop
  endfacet
  facet normal -2.382244e-04 -9.612130e-01 2.758072e-01
    outer loop
      vertex   -2.104695e+02 -4.019004e+02 2.727664e+02
      vertex   -2.076277e+02 -4.018861e+02 2.728187e+02
      vertex   -2.102029e+02 -4.018625e+02 2.728990e+02
    endloop
  endfacet
  facet normal 2.308207e-04 -9.571311e-01 2.896550e-01
    outer loop
      vertex   -2.102029e+02 -4.018625e+02 2.728990e+02
      vertex   -2.076277e+02 -4.018861e+02 2.728187e+02
      vertex   -2.078991e+02 -4.018492e+02 2.729412e+02
    endloop
  endfacet
  facet normal -2.219147e-04 -9.500389e-01 3.121314e-01
    outer loop
      vertex   -2.102029e+02 -4.018625e+02 2.728990e+02
      vertex   -2.078991e+02 -4.018492e+02 2.729412e+02
      vertex   -2.099244e+02 -4.018280e+02 2.730041e+02
    endloop
  endfacet
  facet normal 2.243446e-04 -9.457052e-01 3.250257e-01
    outer loop
      vertex   -2.099244e+02 -4.018280e+02 2.730041e+02
      vertex   -2.078991e+02 -4.018492e+02 2.729412e+02
      vertex   -2.081811e+02 -4.018166e+02 2.730361e+02
    endloop
  endfacet
  facet normal -2.141971e-04 -9.381362e-01 3.462664e-01
    outer loop
      vertex   -2.099244e+02 -4.018280e+02 2.730041e+02
      vertex   -2.081811e+02 -4.018166e+02 2.730361e+02
      vertex   -2.096376e+02 -4.017995e+02 2.730815e+02
    endloop
  endfacet
  facet normal 2.191103e-04 -9.335507e-01 3.584454e-01
    outer loop
      vertex   -2.096376e+02 -4.017995e+02 2.730815e+02
      vertex   -2.081811e+02 -4.018166e+02 2.730361e+02
      vertex   -2.084700e+02 -4.017910e+02 2.731029e+02
    endloop
  endfacet
  facet normal -2.057362e-04 -9.256411e-01 3.784025e-01
    outer loop
      vertex   -2.096376e+02 -4.017995e+02 2.730815e+02
      vertex   -2.084700e+02 -4.017910e+02 2.731029e+02
      vertex   -2.093463e+02 -4.017796e+02 2.731304e+02
    endloop
  endfacet
  facet normal 2.152635e-04 -9.208784e-01 3.898498e-01
    outer loop
      vertex   -2.093463e+02 -4.017796e+02 2.731304e+02
      vertex   -2.084700e+02 -4.017910e+02 2.731029e+02
      vertex   -2.087621e+02 -4.017748e+02 2.731413e+02
    endloop
  endfacet
  facet normal -1.852741e-04 -9.129811e-01 4.080017e-01
    outer loop
      vertex   -2.093463e+02 -4.017796e+02 2.731304e+02
      vertex   -2.087621e+02 -4.017748e+02 2.731413e+02
      vertex   -2.090540e+02 -4.017707e+02 2.731505e+02
    endloop
  endfacet
  facet normal 0.000000e+00 -9.992962e-01 3.751235e-02
    outer loop
      vertex   -2.113625e+02 -4.020000e+02 2.720000e+02
      vertex   -2.064953e+02 -4.020000e+02 2.720000e+02
      vertex   -2.111701e+02 -4.019917e+02 2.722221e+02
    endloop
  endfacet
  facet normal 2.303625e-03 -9.963019e-01 8.589045e-02
    outer loop
      vertex   -2.111701e+02 -4.019917e+02 2.722221e+02
      vertex   -2.064953e+02 -4.020000e+02 2.720000e+02
      vertex   -2.071290e+02 -4.019587e+02 2.724961e+02
    endloop
  endfacet
  facet normal -0.000000e+00 -1.000000e+00 -0.000000e+00
    outer loop
      vertex   -1.480412e+02 -4.020000e+02 2.706468e+02
      vertex   -1.551470e+02 -4.020000e+02 2.707988e+02
      vertex   -1.480000e+02 -4.020000e+02 2.701510e+02
    endloop
  endfacet
  facet normal -0.000000e+00 -1.000000e+00 0.000000e+00
    outer loop
      vertex   -1.480000e+02 -4.020000e+02 2.701510e+02
      vertex   -1.551470e+02 -4.020000e+02 2.707988e+02
      vertex   -1.568437e+02 -4.020000e+02 2.696756e+02
    endloop
  endfacet
  facet normal 0.000000e+00 -1.000000e+00 0.000000e+00
    outer loop
      vertex   -1.480000e+02 -4.020000e+02 2.701510e+02
      vertex   -1.568437e+02 -4.020000e+02 2.696756e+02
      vertex   -1.585910e+02 -4.020000e+02 2.686331e+02
    endloop
  endfacet
  facet normal 0.000000e+00 -1.000000e+00 0.000000e+00
    outer loop
      vertex   -1.480412e+02 -4.020000e+02 2.706468e+02
      vertex   -1.481639e+02 -4.020000e+02 2.711289e+02
      vertex   -1.551470e+02 -4.020000e+02 2.707988e+02
    endloop
  endfacet
  facet normal 0.000000e+00 -1.000000e+00 0.000000e+00
    outer loop
      vertex   -1.551470e+02 -4.020000e+02 2.707988e+02
      vertex   -1.481639e+02 -4.020000e+02 2.711289e+02
      vertex   -1.483645e+02 -4.020000e+02 2.715842e+02
    endloop
  endfacet
  facet normal 0.000000e+00 -1.000000e+00 0.000000e+00
    outer loop
      vertex   -1.551470e+02 -4.020000e+02 2.707988e+02
      vertex   -1.483645e+02 -4.020000e+02 2.715842e+02
      vertex   -1.535047e+02 -4.020000e+02 2.720000e+02
    endloop
  endfacet
  facet normal 0.000000e+00 -1.000000e+00 0.000000e+00
    outer loop
      vertex   -1.535047e+02 -4.020000e+02 2.720000e+02
      vertex   -1.483645e+02 -4.020000e+02 2.715842e+02
      vertex   -1.486375e+02 -4.020000e+02 2.720000e+02
    endloop
  endfacet
  facet normal 0.000000e+00 -1.000000e+00 -0.000000e+00
    outer loop
      vertex   -1.585910e+02 -4.020000e+02 2.686331e+02
      vertex   -1.603851e+02 -4.020000e+02 2.676734e+02
      vertex   -1.480000e+02 -4.020000e+02 2.701510e+02
    endloop
  endfacet
  facet normal 0.000000e+00 -1.000000e+00 -0.000000e+00
    outer loop
      vertex   -1.480000e+02 -4.020000e+02 2.701510e+02
      vertex   -1.603851e+02 -4.020000e+02 2.676734e+02
      vertex   -1.480000e+02 -4.020000e+02 2.600000e+02
    endloop
  endfacet
  facet normal 0.000000e+00 -1.000000e+00 0.000000e+00
    outer loop
      vertex   -1.480000e+02 -4.020000e+02 2.600000e+02
      vertex   -1.603851e+02 -4.020000e+02 2.676734e+02
      vertex   -1.622222e+02 -4.020000e+02 2.667986e+02
    endloop
  endfacet
  facet normal 0.000000e+00 -1.000000e+00 0.000000e+00
    outer loop
      vertex   -1.480000e+02 -4.020000e+02 2.600000e+02
      vertex   -1.622222e+02 -4.020000e+02 2.667986e+02
      vertex   -1.640982e+02 -4.020000e+02 2.660107e+02
    endloop
  endfacet
  facet normal 0.000000e+00 -1.000000e+00 -0.000000e+00
    outer loop
      vertex   -1.640982e+02 -4.020000e+02 2.660107e+02
      vertex   -1.660089e+02 -4.020000e+02 2.653114e+02
      vertex   -1.480000e+02 -4.020000e+02 2.600000e+02
    endloop
  endfacet
  facet normal 0.000000e+00 -1.000000e+00 0.000000e+00
    outer loop
      vertex   -1.480000e+02 -4.020000e+02 2.600000e+02
      vertex   -1.660089e+02 -4.020000e+02 2.653114e+02
      vertex   -1.679503e+02 -4.020000e+02 2.647022e+02
    endloop
  endfacet
  facet normal 0.000000e+00 -1.000000e+00 0.000000e+00
    outer loop
      vertex   -1.480000e+02 -4.020000e+02 2.600000e+02
      vertex   -1.679503e+02 -4.020000e+02 2.647022e+02
      vertex   -1.699180e+02 -4.020000e+02 2.641845e+02
    endloop
  endfacet
  facet normal 0.000000e+00 -1.000000e+00 -0.000000e+00
    outer loop
      vertex   -1.699180e+02 -4.020000e+02 2.641845e+02
      vertex   -1.719078e+02 -4.020000e+02 2.637593e+02
      vertex   -1.480000e+02 -4.020000e+02 2.600000e+02
    endloop
  endfacet
  facet normal 0.000000e+00 -1.000000e+00 0.000000e+00
    outer loop
      vertex   -1.480000e+02 -4.020000e+02 2.600000e+02
      vertex   -1.719078e+02 -4.020000e+02 2.637593e+02
      vertex   -1.739153e+02 -4.020000e+02 2.634277e+02
    endloop
  endfacet
  facet normal 0.000000e+00 -1.000000e+00 0.000000e+00
    outer loop
      vertex   -1.480000e+02 -4.020000e+02 2.600000e+02
      vertex   -1.739153e+02 -4.020000e+02 2.634277e+02
      vertex   -1.759361e+02 -4.020000e+02 2.631902e+02
    endloop
  endfacet
  facet normal 0.000000e+00 -1.000000e+00 -0.000000e+00
    outer loop
      vertex   -1.759361e+02 -4.020000e+02 2.631902e+02
      vertex   -1.779658e+02 -4.020000e+02 2.630476e+02
      vertex   -1.480000e+02 -4.020000e+02 2.600000e+02
    endloop
  endfacet
  facet normal 0.000000e+00 -1.000000e+00 0.000000e+00
    outer loop
      vertex   -1.480000e+02 -4.020000e+02 2.600000e+02
      vertex   -1.779658e+02 -4.020000e+02 2.630476e+02
      vertex   -1.800000e+02 -4.020000e+02 2.630000e+02
    endloop
  endfacet
  facet normal 0.000000e+00 -1.000000e+00 0.000000e+00
    outer loop
      vertex   -1.480000e+02 -4.020000e+02 2.600000e+02
      vertex   -1.800000e+02 -4.020000e+02 2.630000e+02
      vertex   -2.120000e+02 -4.020000e+02 2.600000e+02
    endloop
  endfacet
  facet normal 0.000000e+00 -1.000000e+00 0.000000e+00
    outer loop
      vertex   -2.120000e+02 -4.020000e+02 2.600000e+02
      vertex   -1.800000e+02 -4.020000e+02 2.630000e+02
      vertex   -1.820342e+02 -4.020000e+02 2.630476e+02
    endloop
  endfacet
  facet normal 0.000000e+00 -1.000000e+00 0.000000e+00
    outer loop
      vertex   -2.120000e+02 -4.020000e+02 2.600000e+02
      vertex   -1.820342e+02 -4.020000e+02 2.630476e+02
      vertex   -1.840639e+02 -4.020000e+02 2.631902e+02
    endloop
  endfacet
  facet normal -0.000000e+00 -1.000000e+00 0.000000e+00
    outer loop
      vertex   -1.840639e+02 -4.020000e+02 2.631902e+02
      vertex   -1.860847e+02 -4.020000e+02 2.634277e+02
      vertex   -2.120000e+02 -4.020000e+02 2.600000e+02
    endloop
  endfacet
  facet normal 0.000000e+00 -1.000000e+00 0.000000e+00
    outer loop
      vertex   -2.120000e+02 -4.020000e+02 2.600000e+02
      vertex   -1.860847e+02 -4.020000e+02 2.634277e+02
      vertex   -1.880922e+02 -4.020000e+02 2.637593e+02
    endloop
  endfacet
  facet normal 0.000000e+00 -1.000000e+00 0.000000e+00
    outer loop
      vertex   -2.120000e+02 -4.020000e+02 2.600000e+02
      vertex   -1.880922e+02 -4.020000e+02 2.637593e+02
      vertex   -1.900820e+02 -4.020000e+02 2.641845e+02
    endloop
  endfacet
  facet normal -0.000000e+00 -1.000000e+00 0.000000e+00
    outer loop
      vertex   -1.900820e+02 -4.020000e+02 2.641845e+02
      vertex   -1.920497e+02 -4.020000e+02 2.647022e+02
      vertex   -2.120000e+02 -4.020000e+02 2.600000e+02
    endloop
  endfacet
  facet normal 0.000000e+00 -1.000000e+00 0.000000e+00
    outer loop
      vertex   -2.120000e+02 -4.020000e+02 2.600000e+02
      vertex   -1.920497e+02 -4.020000e+02 2.647022e+02
      vertex   -1.939911e+02 -4.020000e+02 2.653114e+02
    endloop
  endfacet
  facet normal 0.000000e+00 -1.000000e+00 0.000000e+00
    outer loop
      vertex   -2.120000e+02 -4.020000e+02 2.600000e+02
      vertex   -1.939911e+02 -4.020000e+02 2.653114e+02
      vertex   -1.959018e+02 -4.020000e+02 2.660107e+02
    endloop
  endfacet
  facet normal -0.000000e+00 -1.000000e+00 0.000000e+00
    outer loop
      vertex   -1.959018e+02 -4.020000e+02 2.660107e+02
      vertex   -1.977778e+02 -4.020000e+02 2.667986e+02
      vertex   -2.120000e+02 -4.020000e+02 2.600000e+02
    endloop
  endfacet
  facet normal 0.000000e+00 -1.000000e+00 0.000000e+00
    outer loop
      vertex   -2.120000e+02 -4.020000e+02 2.600000e+02
      vertex   -1.977778e+02 -4.020000e+02 2.667986e+02
      vertex   -1.996149e+02 -4.020000e+02 2.676734e+02
    endloop
  endfacet
  facet normal 0.000000e+00 -1.000000e+00 0.000000e+00
    outer loop
      vertex   -2.120000e+02 -4.020000e+02 2.600000e+02
      vertex   -1.996149e+02 -4.020000e+02 2.676734e+02
      vertex   -2.120000e+02 -4.020000e+02 2.701510e+02
    endloop
  endfacet
  facet normal 0.000000e+00 -1.000000e+00 0.000000e+00
    outer loop
      vertex   -2.120000e+02 -4.020000e+02 2.701510e+02
      vertex   -1.996149e+02 -4.020000e+02 2.676734e+02
      vertex   -2.014090e+02 -4.020000e+02 2.686331e+02
    endloop
  endfacet
  facet normal 0.000000e+00 -1.000000e+00 0.000000e+00
    outer loop
      vertex   -2.120000e+02 -4.020000e+02 2.701510e+02
      vertex   -2.014090e+02 -4.020000e+02 2.686331e+02
      vertex   -2.031564e+02 -4.020000e+02 2.696756e+02
    endloop
  endfacet
  facet normal 0.000000e+00 -1.000000e+00 0.000000e+00
    outer loop
      vertex   -2.031564e+02 -4.020000e+02 2.696756e+02
      vertex   -2.048530e+02 -4.020000e+02 2.707988e+02
      vertex   -2.120000e+02 -4.020000e+02 2.701510e+02
    endloop
  endfacet
  facet normal 0.000000e+00 -1.000000e+00 0.000000e+00
    outer loop
      vertex   -2.120000e+02 -4.020000e+02 2.701510e+02
      vertex   -2.048530e+02 -4.020000e+02 2.707988e+02
      vertex   -2.119588e+02 -4.020000e+02 2.706468e+02
    endloop
  endfacet
  facet normal 0.000000e+00 -1.000000e+00 0.000000e+00
    outer loop
      vertex   -2.119588e+02 -4.020000e+02 2.706468e+02
      vertex   -2.048530e+02 -4.020000e+02 2.707988e+02
      vertex   -2.118361e+02 -4.020000e+02 2.711289e+02
    endloop
  endfacet
  facet normal 0.000000e+00 -1.000000e+00 0.000000e+00
    outer loop
      vertex   -2.118361e+02 -4.020000e+02 2.711289e+02
      vertex   -2.048530e+02 -4.020000e+02 2.707988e+02
      vertex   -2.116355e+02 -4.020000e+02 2.715842e+02
    endloop
  endfacet
  facet normal 0.000000e+00 -1.000000e+00 0.000000e+00
    outer loop
      vertex   -2.116355e+02 -4.020000e+02 2.715842e+02
      vertex   -2.048530e+02 -4.020000e+02 2.707988e+02
      vertex   -2.064953e+02 -4.020000e+02 2.720000e+02
    endloop
  endfacet
  facet normal 0.000000e+00 -1.000000e+00 0.000000e+00
    outer loop
      vertex   -2.116355e+02 -4.020000e+02 2.715842e+02
      vertex   -2.064953e+02 -4.020000e+02 2.720000e+02
      vertex   -2.113625e+02 -4.020000e+02 2.720000e+02
    endloop
  endfacet
  facet normal -1.000000e+00 0.000000e+00 0.000000e+00
    outer loop
      vertex   -2.120000e+02 -4.020000e+02 2.701510e+02
      vertex   -2.120000e+02 -3.580000e+02 2.701510e+02
      vertex   -2.120000e+02 -4.020000e+02 2.600000e+02
    endloop
  endfacet
  facet normal -1.000000e+00 0.000000e+00 0.000000e+00
    outer loop
      vertex   -2.120000e+02 -4.020000e+02 2.600000e+02
      vertex   -2.120000e+02 -3.580000e+02 2.701510e+02
      vertex   -2.120000e+02 -3.580000e+02 2.600000e+02
    endloop
  endfacet
  facet normal 9.987360e-01 5.009513e-02 -4.120071e-03
    outer loop
      vertex   -1.749757e+02 -3.804844e+02 2.632911e+02
      vertex   -1.749878e+02 -3.803488e+02 2.620000e+02
      vertex   -1.750000e+02 -3.800000e+02 2.632883e+02
    endloop
  endfacet
  facet normal 9.999553e-01 -4.752938e-19 9.453599e-03
    outer loop
      vertex   -1.750000e+02 -3.800000e+02 2.632883e+02
      vertex   -1.749878e+02 -3.803488e+02 2.620000e+02
      vertex   -1.749878e+02 -3.796512e+02 2.620000e+02
    endloop
  endfacet
  facet normal 9.987360e-01 -5.009513e-02 -4.120071e-03
    outer loop
      vertex   -1.750000e+02 -3.800000e+02 2.632883e+02
      vertex   -1.749878e+02 -3.796512e+02 2.620000e+02
      vertex   -1.749757e+02 -3.795156e+02 2.632911e+02
    endloop
  endfacet
  facet normal 9.902541e-01 -1.391711e-01 5.317976e-03
    outer loop
      vertex   -1.749757e+02 -3.795156e+02 2.632911e+02
      vertex   -1.749878e+02 -3.796512e+02 2.620000e+02
      vertex   -1.748907e+02 -3.789604e+02 2.620000e+02
    endloop
  endfacet
  facet normal 9.890788e-01 -1.473774e-01 1.712101e-03
    outer loop
      vertex   -1.749757e+02 -3.795156e+02 2.632911e+02
      vertex   -1.748907e+02 -3.789604e+02 2.620000e+02
      vertex   -1.749025e+02 -3.790245e+02 2.632996e+02
    endloop
  endfacet
  facet normal 9.700318e-01 -2.429573e-01 -3.169644e-03
    outer loop
      vertex   -1.749025e+02 -3.790245e+02 2.632996e+02
      vertex   -1.748907e+02 -3.789604e+02 2.620000e+02
      vertex   -1.747802e+02 -3.785361e+02 2.633143e+02
    endloop
  endfacet
  facet normal 9.612300e-01 -2.756283e-01 8.119720e-03
    outer loop
      vertex   -1.747802e+02 -3.785361e+02 2.633143e+02
      vertex   -1.748907e+02 -3.789604e+02 2.620000e+02
      vertex   -1.746985e+02 -3.782899e+02 2.620000e+02
    endloop
  endfacet
  facet normal 9.406427e-01 -3.393602e-01 -5.098578e-03
    outer loop
      vertex   -1.747802e+02 -3.785361e+02 2.633143e+02
      vertex   -1.746985e+02 -3.782899e+02 2.620000e+02
      vertex   -1.746082e+02 -3.780599e+02 2.633354e+02
    endloop
  endfacet
  facet normal 9.135137e-01 -4.067225e-01 8.337662e-03
    outer loop
      vertex   -1.746082e+02 -3.780599e+02 2.633354e+02
      vertex   -1.746985e+02 -3.782899e+02 2.620000e+02
      vertex   -1.744147e+02 -3.776526e+02 2.620000e+02
    endloop
  endfacet
  facet normal 9.001796e-01 -4.355124e-01 -2.373403e-03
    outer loop
      vertex   -1.746082e+02 -3.780599e+02 2.633354e+02
      vertex   -1.744147e+02 -3.776526e+02 2.620000e+02
      vertex   -1.743879e+02 -3.776046e+02 2.633636e+02
    endloop
  endfacet
  facet normal 8.519719e-01 -5.235849e-01 1.679241e-03
    outer loop
      vertex   -1.743879e+02 -3.776046e+02 2.633636e+02
      vertex   -1.744147e+02 -3.776526e+02 2.620000e+02
      vertex   -1.741252e+02 -3.771770e+02 2.633986e+02
    endloop
  endfacet
  facet normal 8.480389e-01 -5.299135e-01 4.645701e-03
    outer loop
      vertex   -1.741252e+02 -3.771770e+02 2.633986e+02
      vertex   -1.744147e+02 -3.776526e+02 2.620000e+02
      vertex   -1.740451e+02 -3.770611e+02 2.620000e+02
    endloop
  endfacet
  facet normal 7.974466e-01 -6.033739e-01 -4.341934e-03
    outer loop
      vertex   -1.741252e+02 -3.771770e+02 2.633986e+02
      vertex   -1.740451e+02 -3.770611e+02 2.620000e+02
      vertex   -1.738272e+02 -3.767835e+02 2.634402e+02
    endloop
  endfacet
  facet normal 7.660199e-01 -6.427670e-01 8.005889e-03
    outer loop
      vertex   -1.738272e+02 -3.767835e+02 2.634402e+02
      vertex   -1.740451e+02 -3.770611e+02 2.620000e+02
      vertex   -1.735967e+02 -3.765267e+02 2.620000e+02
    endloop
  endfacet
  facet normal 7.347983e-01 -6.782776e-01 -3.321309e-03
    outer loop
      vertex   -1.738272e+02 -3.767835e+02 2.634402e+02
      vertex   -1.735967e+02 -3.765267e+02 2.620000e+02
      vertex   -1.735008e+02 -3.764301e+02 2.634883e+02
    endloop
  endfacet
  facet normal 6.691218e-01 -7.431351e-01 5.124409e-03
    outer loop
      vertex   -1.735008e+02 -3.764301e+02 2.634883e+02
      vertex   -1.735967e+02 -3.765267e+02 2.620000e+02
      vertex   -1.730783e+02 -3.760600e+02 2.620000e+02
    endloop
  endfacet
  facet normal 6.632561e-01 -7.483894e-01 2.152690e-03
    outer loop
      vertex   -1.735008e+02 -3.764301e+02 2.634883e+02
      vertex   -1.730783e+02 -3.760600e+02 2.620000e+02
      vertex   -1.731392e+02 -3.761095e+02 2.635445e+02
    endloop
  endfacet
  facet normal 5.883399e-01 -8.086091e-01 -2.729930e-03
    outer loop
      vertex   -1.731392e+02 -3.761095e+02 2.635445e+02
      vertex   -1.730783e+02 -3.760600e+02 2.620000e+02
      vertex   -1.727405e+02 -3.758196e+02 2.636101e+02
    endloop
  endfacet
  facet normal 5.591813e-01 -8.290204e-01 6.435032e-03
    outer loop
      vertex   -1.727405e+02 -3.758196e+02 2.636101e+02
      vertex   -1.730783e+02 -3.760600e+02 2.620000e+02
      vertex   -1.725000e+02 -3.756699e+02 2.620000e+02
    endloop
  endfacet
  facet normal 5.076948e-01 -8.615264e-01 -4.276766e-03
    outer loop
      vertex   -1.727405e+02 -3.758196e+02 2.636101e+02
      vertex   -1.725000e+02 -3.756699e+02 2.620000e+02
      vertex   -1.723110e+02 -3.755668e+02 2.636850e+02
    endloop
  endfacet
  facet normal 4.383638e-01 -8.987790e-01 5.778742e-03
    outer loop
      vertex   -1.723110e+02 -3.755668e+02 2.636850e+02
      vertex   -1.725000e+02 -3.756699e+02 2.620000e+02
      vertex   -1.718730e+02 -3.753641e+02 2.620000e+02
    endloop
  endfacet
  facet normal 4.185815e-01 -9.081791e-01 -4.939220e-04
    outer loop
      vertex   -1.723110e+02 -3.755668e+02 2.636850e+02
      vertex   -1.718730e+02 -3.753641e+02 2.620000e+02
      vertex   -1.718570e+02 -3.753577e+02 2.637690e+02
    endloop
  endfacet
  facet normal 3.229853e-01 -9.464038e-01 5.119891e-04
    outer loop
      vertex   -1.718570e+02 -3.753577e+02 2.637690e+02
      vertex   -1.718730e+02 -3.753641e+02 2.620000e+02
      vertex   -1.713855e+02 -3.751967e+02 2.638617e+02
    endloop
  endfacet
  facet normal 3.090137e-01 -9.510465e-01 4.588123e-03
    outer loop
      vertex   -1.713855e+02 -3.751967e+02 2.638617e+02
      vertex   -1.718730e+02 -3.753641e+02 2.620000e+02
      vertex   -1.712096e+02 -3.751485e+02 2.620000e+02
    endloop
  endfacet
  facet normal 2.291435e-01 -9.733862e-01 -3.536588e-03
    outer loop
      vertex   -1.713855e+02 -3.751967e+02 2.638617e+02
      vertex   -1.712096e+02 -3.751485e+02 2.620000e+02
      vertex   -1.709052e+02 -3.750840e+02 2.639616e+02
    endloop
  endfacet
  facet normal 1.736456e-01 -9.847931e-01 5.449670e-03
    outer loop
      vertex   -1.709052e+02 -3.750840e+02 2.639616e+02
      vertex   -1.712096e+02 -3.751485e+02 2.620000e+02
      vertex   -1.705226e+02 -3.750274e+02 2.620000e+02
    endloop
  endfacet
  facet normal 1.351086e-01 -9.908283e-01 -2.240689e-03
    outer loop
      vertex   -1.709052e+02 -3.750840e+02 2.639616e+02
      vertex   -1.705226e+02 -3.750274e+02 2.620000e+02
      vertex   -1.704251e+02 -3.750188e+02 2.640670e+02
    endloop
  endfacet
  facet normal 3.879730e-02 -9.992444e-01 2.337582e-03
    outer loop
      vertex   -1.704251e+02 -3.750188e+02 2.640670e+02
      vertex   -1.705226e+02 -3.750274e+02 2.620000e+02
      vertex   -1.699540e+02 -3.750002e+02 2.641759e+02
    endloop
  endfacet
  facet normal 3.489930e-02 -9.993852e-01 3.357972e-03
    outer loop
      vertex   -1.699540e+02 -3.750002e+02 2.641759e+02
      vertex   -1.705226e+02 -3.750274e+02 2.620000e+02
      vertex   -1.698255e+02 -3.750031e+02 2.620000e+02
    endloop
  endfacet
  facet normal -5.760219e-02 -9.983374e-01 -2.107234e-03
    outer loop
      vertex   -1.699540e+02 -3.750002e+02 2.641759e+02
      vertex   -1.698255e+02 -3.750031e+02 2.620000e+02
      vertex   -1.694824e+02 -3.750277e+02 2.642908e+02
    endloop
  endfacet
  facet normal -1.045272e-01 -9.945097e-01 4.962379e-03
    outer loop
      vertex   -1.694824e+02 -3.750277e+02 2.642908e+02
      vertex   -1.698255e+02 -3.750031e+02 2.620000e+02
      vertex   -1.691318e+02 -3.750760e+02 2.620000e+02
    endloop
  endfacet
  facet normal -1.518096e-01 -9.884068e-01 -2.403077e-03
    outer loop
      vertex   -1.694824e+02 -3.750277e+02 2.642908e+02
      vertex   -1.691318e+02 -3.750760e+02 2.620000e+02
      vertex   -1.690058e+02 -3.751012e+02 2.644125e+02
    endloop
  endfacet
  facet normal -2.419211e-01 -9.702927e-01 2.489690e-03
    outer loop
      vertex   -1.690058e+02 -3.751012e+02 2.644125e+02
      vertex   -1.691318e+02 -3.750760e+02 2.620000e+02
      vertex   -1.684549e+02 -3.752447e+02 2.620000e+02
    endloop
  endfacet
  facet normal -2.457083e-01 -9.693425e-01 1.568340e-03
    outer loop
      vertex   -1.690058e+02 -3.751012e+02 2.644125e+02
      vertex   -1.684549e+02 -3.752447e+02 2.620000e+02
      vertex   -1.685326e+02 -3.752209e+02 2.645389e+02
    endloop
  endfacet
  facet normal -3.383662e-01 -9.410133e-01 -1.530686e-03
    outer loop
      vertex   -1.685326e+02 -3.752209e+02 2.645389e+02
      vertex   -1.684549e+02 -3.752447e+02 2.620000e+02
      vertex   -1.680707e+02 -3.753872e+02 2.646677e+02
    endloop
  endfacet
  facet normal -3.746029e-01 -9.271748e-01 4.427017e-03
    outer loop
      vertex   -1.680707e+02 -3.753872e+02 2.646677e+02
      vertex   -1.684549e+02 -3.752447e+02 2.620000e+02
      vertex   -1.678081e+02 -3.755060e+02 2.620000e+02
    endloop
  endfacet
  facet normal -4.313800e-01 -9.021674e-01 -2.275630e-03
    outer loop
      vertex   -1.680707e+02 -3.753872e+02 2.646677e+02
      vertex   -1.678081e+02 -3.755060e+02 2.620000e+02
      vertex   -1.676280e+02 -3.755992e+02 2.647965e+02
    endloop
  endfacet
  facet normal -4.999972e-01 -8.660206e-01 3.347592e-03
    outer loop
      vertex   -1.676280e+02 -3.755992e+02 2.647965e+02
      vertex   -1.678081e+02 -3.755060e+02 2.620000e+02
      vertex   -1.672040e+02 -3.758548e+02 2.620000e+02
    endloop
  endfacet
  facet normal -5.178414e-01 -8.554766e-01 -3.216928e-04
    outer loop
      vertex   -1.676280e+02 -3.755992e+02 2.647965e+02
      vertex   -1.672040e+02 -3.758548e+02 2.620000e+02
      vertex   -1.672104e+02 -3.758521e+02 2.649228e+02
    endloop
  endfacet
  facet normal -5.965537e-01 -8.025730e-01 -5.429673e-04
    outer loop
      vertex   -1.672104e+02 -3.758521e+02 2.649228e+02
      vertex   -1.672040e+02 -3.758548e+02 2.620000e+02
      vertex   -1.668233e+02 -3.761399e+02 2.650438e+02
    endloop
  endfacet
  facet normal -6.156583e-01 -7.880067e-01 3.211117e-03
    outer loop
      vertex   -1.668233e+02 -3.761399e+02 2.650438e+02
      vertex   -1.672040e+02 -3.758548e+02 2.620000e+02
      vertex   -1.666543e+02 -3.762843e+02 2.620000e+02
    endloop
  endfacet
  facet normal -6.696834e-01 -7.426442e-01 -1.939219e-03
    outer loop
      vertex   -1.668233e+02 -3.761399e+02 2.650438e+02
      vertex   -1.666543e+02 -3.762843e+02 2.620000e+02
      vertex   -1.664722e+02 -3.764568e+02 2.651570e+02
    endloop
  endfacet
  facet normal -7.193353e-01 -6.946540e-01 3.548519e-03
    outer loop
      vertex   -1.664722e+02 -3.764568e+02 2.651570e+02
      vertex   -1.666543e+02 -3.762843e+02 2.620000e+02
      vertex   -1.661698e+02 -3.767861e+02 2.620000e+02
    endloop
  endfacet
  facet normal -7.390709e-01 -6.736274e-01 -5.349470e-04
    outer loop
      vertex   -1.664722e+02 -3.764568e+02 2.651570e+02
      vertex   -1.661698e+02 -3.767861e+02 2.620000e+02
      vertex   -1.661541e+02 -3.768059e+02 2.652624e+02
    endloop
  endfacet
  facet normal -8.002758e-01 -5.996321e-01 2.087360e-04
    outer loop
      vertex   -1.661541e+02 -3.768059e+02 2.652624e+02
      vertex   -1.661698e+02 -3.767861e+02 2.620000e+02
      vertex   -1.658627e+02 -3.771948e+02 2.653615e+02
    endloop
  endfacet
  facet normal -8.090146e-01 -5.877835e-01 2.447683e-03
    outer loop
      vertex   -1.658627e+02 -3.771948e+02 2.653615e+02
      vertex   -1.661698e+02 -3.767861e+02 2.620000e+02
      vertex   -1.657598e+02 -3.773504e+02 2.620000e+02
    endloop
  endfacet
  facet normal -8.537335e-01 -5.207063e-01 -2.027391e-03
    outer loop
      vertex   -1.658627e+02 -3.771948e+02 2.653615e+02
      vertex   -1.657598e+02 -3.773504e+02 2.620000e+02
      vertex   -1.656050e+02 -3.776176e+02 2.654509e+02
    endloop
  endfacet
  facet normal -8.829429e-01 -4.694691e-01 3.250532e-03
    outer loop
      vertex   -1.656050e+02 -3.776176e+02 2.654509e+02
      vertex   -1.657598e+02 -3.773504e+02 2.620000e+02
      vertex   -1.654323e+02 -3.779663e+02 2.620000e+02
    endloop
  endfacet
  facet normal -9.011178e-01 -4.335725e-01 -1.286040e-03
    outer loop
      vertex   -1.656050e+02 -3.776176e+02 2.654509e+02
      vertex   -1.654323e+02 -3.779663e+02 2.620000e+02
      vertex   -1.653881e+02 -3.780686e+02 2.655275e+02
    endloop
  endfacet
  facet normal -9.396910e-01 -3.420196e-01 1.850269e-03
    outer loop
      vertex   -1.653881e+02 -3.780686e+02 2.655275e+02
      vertex   -1.654323e+02 -3.779663e+02 2.620000e+02
      vertex   -1.651937e+02 -3.786218e+02 2.620000e+02
    endloop
  endfacet
  facet normal -9.411440e-01 -3.380038e-01 1.140361e-03
    outer loop
      vertex   -1.653881e+02 -3.780686e+02 2.655275e+02
      vertex   -1.651937e+02 -3.786218e+02 2.620000e+02
      vertex   -1.652183e+02 -3.785411e+02 2.655884e+02
    endloop
  endfacet
  facet normal -9.701745e-01 -2.424045e-01 -1.208179e-03
    outer loop
      vertex   -1.652183e+02 -3.785411e+02 2.655884e+02
      vertex   -1.651937e+02 -3.786218e+02 2.620000e+02
      vertex   -1.650970e+02 -3.790268e+02 2.656324e+02
    endloop
  endfacet
  facet normal -9.781436e-01 -2.079108e-01 2.849498e-03
    outer loop
      vertex   -1.650970e+02 -3.790268e+02 2.656324e+02
      vertex   -1.651937e+02 -3.786218e+02 2.620000e+02
      vertex   -1.650487e+02 -3.793041e+02 2.620000e+02
    endloop
  endfacet
  facet normal -9.891068e-01 -1.471867e-01 -1.933137e-03
    outer loop
      vertex   -1.650970e+02 -3.790268e+02 2.656324e+02
      vertex   -1.650487e+02 -3.793041e+02 2.620000e+02
      vertex   -1.650243e+02 -3.795162e+02 2.656591e+02
    endloop
  endfacet
  facet normal -9.975607e-01 -6.975624e-02 2.610242e-03
    outer loop
      vertex   -1.650243e+02 -3.795162e+02 2.656591e+02
      vertex   -1.650487e+02 -3.793041e+02 2.620000e+02
      vertex   -1.650000e+02 -3.800000e+02 2.620000e+02
    endloop
  endfacet
  facet normal -9.987455e-01 -5.007509e-02 4.234931e-19
    outer loop
      vertex   -1.650243e+02 -3.795162e+02 2.656591e+02
      vertex   -1.650000e+02 -3.800000e+02 2.620000e+02
      vertex   -1.650000e+02 -3.800000e+02 2.656680e+02
    endloop
  endfacet
  facet normal -9.987455e-01 5.007509e-02 0.000000e+00
    outer loop
      vertex   -1.650000e+02 -3.800000e+02 2.656680e+02
      vertex   -1.650000e+02 -3.800000e+02 2.620000e+02
      vertex   -1.650243e+02 -3.804838e+02 2.656591e+02
    endloop
  endfacet
  facet normal -9.975607e-01 6.975624e-02 2.610242e-03
    outer loop
      vertex   -1.650243e+02 -3.804838e+02 2.656591e+02
      vertex   -1.650000e+02 -3.800000e+02 2.620000e+02
      vertex   -1.650487e+02 -3.806959e+02 2.620000e+02
    endloop
  endfacet
  facet normal -9.891068e-01 1.471867e-01 -1.933137e-03
    outer loop
      vertex   -1.650243e+02 -3.804838e+02 2.656591e+02
      vertex   -1.650487e+02 -3.806959e+02 2.620000e+02
      vertex   -1.650970e+02 -3.809732e+02 2.656324e+02
    endloop
  endfacet
  facet normal -9.781436e-01 2.079108e-01 2.849498e-03
    outer loop
      vertex   -1.650970e+02 -3.809732e+02 2.656324e+02
      vertex   -1.650487e+02 -3.806959e+02 2.620000e+02
      vertex   -1.651937e+02 -3.813782e+02 2.620000e+02
    endloop
  endfacet
  facet normal -9.701745e-01 2.424045e-01 -1.208179e-03
    outer loop
      vertex   -1.650970e+02 -3.809732e+02 2.656324e+02
      vertex   -1.651937e+02 -3.813782e+02 2.620000e+02
      vertex   -1.652183e+02 -3.814589e+02 2.655884e+02
    endloop
  endfacet
  facet normal -9.411440e-01 3.380038e-01 1.140361e-03
    outer loop
      vertex   -1.652183e+02 -3.814589e+02 2.655884e+02
      vertex   -1.651937e+02 -3.813782e+02 2.620000e+02
      vertex   -1.653881e+02 -3.819314e+02 2.655275e+02
    endloop
  endfacet
  facet normal -9.396910e-01 3.420196e-01 1.850269e-03
    outer loop
      vertex   -1.653881e+02 -3.819314e+02 2.655275e+02
      vertex   -1.651937e+02 -3.813782e+02 2.620000e+02
      vertex   -1.654323e+02 -3.820337e+02 2.620000e+02
    endloop
  endfacet
  facet normal -9.011178e-01 4.335725e-01 -1.286040e-03
    outer loop
      vertex   -1.653881e+02 -3.819314e+02 2.655275e+02
      vertex   -1.654323e+02 -3.820337e+02 2.620000e+02
      vertex   -1.656050e+02 -3.823824e+02 2.654509e+02
    endloop
  endfacet
  facet normal -8.829429e-01 4.694691e-01 3.250532e-03
    outer loop
      vertex   -1.656050e+02 -3.823824e+02 2.654509e+02
      vertex   -1.654323e+02 -3.820337e+02 2.620000e+02
      vertex   -1.657598e+02 -3.826496e+02 2.620000e+02
    endloop
  endfacet
  facet normal -8.537335e-01 5.207063e-01 -2.027391e-03
    outer loop
      vertex   -1.656050e+02 -3.823824e+02 2.654509e+02
      vertex   -1.657598e+02 -3.826496e+02 2.620000e+02
      vertex   -1.658627e+02 -3.828052e+02 2.653615e+02
    endloop
  endfacet
  facet normal -8.090146e-01 5.877835e-01 2.447683e-03
    outer loop
      vertex   -1.658627e+02 -3.828052e+02 2.653615e+02
      vertex   -1.657598e+02 -3.826496e+02 2.620000e+02
      vertex   -1.661698e+02 -3.832139e+02 2.620000e+02
    endloop
  endfacet
  facet normal -8.002758e-01 5.996321e-01 2.087360e-04
    outer loop
      vertex   -1.658627e+02 -3.828052e+02 2.653615e+02
      vertex   -1.661698e+02 -3.832139e+02 2.620000e+02
      vertex   -1.661541e+02 -3.831941e+02 2.652624e+02
    endloop
  endfacet
  facet normal -7.390709e-01 6.736274e-01 -5.349470e-04
    outer loop
      vertex   -1.661541e+02 -3.831941e+02 2.652624e+02
      vertex   -1.661698e+02 -3.832139e+02 2.620000e+02
      vertex   -1.664722e+02 -3.835432e+02 2.651570e+02
    endloop
  endfacet
  facet normal -7.193353e-01 6.946540e-01 3.548519e-03
    outer loop
      vertex   -1.664722e+02 -3.835432e+02 2.651570e+02
      vertex   -1.661698e+02 -3.832139e+02 2.620000e+02
      vertex   -1.666543e+02 -3.837157e+02 2.620000e+02
    endloop
  endfacet
  facet normal -6.696834e-01 7.426442e-01 -1.939219e-03
    outer loop
      vertex   -1.664722e+02 -3.835432e+02 2.651570e+02
      vertex   -1.666543e+02 -3.837157e+02 2.620000e+02
      vertex   -1.668233e+02 -3.838601e+02 2.650438e+02
    endloop
  endfacet
  facet normal -6.156583e-01 7.880067e-01 3.211117e-03
    outer loop
      vertex   -1.668233e+02 -3.838601e+02 2.650438e+02
      vertex   -1.666543e+02 -3.837157e+02 2.620000e+02
      vertex   -1.672040e+02 -3.841452e+02 2.620000e+02
    endloop
  endfacet
  facet normal -5.965537e-01 8.025730e-01 -5.429673e-04
    outer loop
      vertex   -1.668233e+02 -3.838601e+02 2.650438e+02
      vertex   -1.672040e+02 -3.841452e+02 2.620000e+02
      vertex   -1.672104e+02 -3.841479e+02 2.649228e+02
    endloop
  endfacet
  facet normal -5.178414e-01 8.554766e-01 -3.216928e-04
    outer loop
      vertex   -1.672104e+02 -3.841479e+02 2.649228e+02
      vertex   -1.672040e+02 -3.841452e+02 2.620000e+02
      vertex   -1.676280e+02 -3.844008e+02 2.647965e+02
    endloop
  endfacet
  facet normal -4.999972e-01 8.660206e-01 3.347592e-03
    outer loop
      vertex   -1.676280e+02 -3.844008e+02 2.647965e+02
      vertex   -1.672040e+02 -3.841452e+02 2.620000e+02
      vertex   -1.678081e+02 -3.844940e+02 2.620000e+02
    endloop
  endfacet
  facet normal -4.313800e-01 9.021674e-01 -2.275630e-03
    outer loop
      vertex   -1.676280e+02 -3.844008e+02 2.647965e+02
      vertex   -1.678081e+02 -3.844940e+02 2.620000e+02
      vertex   -1.680707e+02 -3.846128e+02 2.646677e+02
    endloop
  endfacet
  facet normal -3.746029e-01 9.271748e-01 4.427017e-03
    outer loop
      vertex   -1.680707e+02 -3.846128e+02 2.646677e+02
      vertex   -1.678081e+02 -3.844940e+02 2.620000e+02
      vertex   -1.684549e+02 -3.847553e+02 2.620000e+02
    endloop
  endfacet
  facet normal -3.383662e-01 9.410133e-01 -1.530686e-03
    outer loop
      vertex   -1.680707e+02 -3.846128e+02 2.646677e+02
      vertex   -1.684549e+02 -3.847553e+02 2.620000e+02
      vertex   -1.685326e+02 -3.847791e+02 2.645389e+02
    endloop
  endfacet
  facet normal -2.457083e-01 9.693425e-01 1.568340e-03
    outer loop
      vertex   -1.685326e+02 -3.847791e+02 2.645389e+02
      vertex   -1.684549e+02 -3.847553e+02 2.620000e+02
      vertex   -1.690058e+02 -3.848988e+02 2.644125e+02
    endloop
  endfacet
  facet normal -2.419211e-01 9.702927e-01 2.489690e-03
    outer loop
      vertex   -1.690058e+02 -3.848988e+02 2.644125e+02
      vertex   -1.684549e+02 -3.847553e+02 2.620000e+02
      vertex   -1.691318e+02 -3.849240e+02 2.620000e+02
    endloop
  endfacet
  facet normal -1.518096e-01 9.884068e-01 -2.403077e-03
    outer loop
      vertex   -1.690058e+02 -3.848988e+02 2.644125e+02
      vertex   -1.691318e+02 -3.849240e+02 2.620000e+02
      vertex   -1.694824e+02 -3.849723e+02 2.642908e+02
    endloop
  endfacet
  facet normal -1.045272e-01 9.945097e-01 4.962379e-03
    outer loop
      vertex   -1.694824e+02 -3.849723e+02 2.642908e+02
      vertex   -1.691318e+02 -3.849240e+02 2.620000e+02
      vertex   -1.698255e+02 -3.849970e+02 2.620000e+02
    endloop
  endfacet
  facet normal -5.760219e-02 9.983374e-01 -2.107234e-03
    outer loop
      vertex   -1.694824e+02 -3.849723e+02 2.642908e+02
      vertex   -1.698255e+02 -3.849970e+02 2.620000e+02
      vertex   -1.699540e+02 -3.849998e+02 2.641759e+02
    endloop
  endfacet
  facet normal 3.851237e-02 9.992517e-01 3.571214e-03
    outer loop
      vertex   -1.699540e+02 -3.849998e+02 2.641759e+02
      vertex   -1.698255e+02 -3.849970e+02 2.620000e+02
      vertex   -1.704251e+02 -3.849812e+02 2.640670e+02
    endloop
  endfacet
  facet normal 3.489939e-02 9.993876e-01 2.522051e-03
    outer loop
      vertex   -1.704251e+02 -3.849812e+02 2.640670e+02
      vertex   -1.698255e+02 -3.849970e+02 2.620000e+02
      vertex   -1.705226e+02 -3.849726e+02 2.620000e+02
    endloop
  endfacet
  facet normal 1.351086e-01 9.908283e-01 -2.240689e-03
    outer loop
      vertex   -1.704251e+02 -3.849812e+02 2.640670e+02
      vertex   -1.705226e+02 -3.849726e+02 2.620000e+02
      vertex   -1.709052e+02 -3.849160e+02 2.639616e+02
    endloop
  endfacet
  facet normal 1.736456e-01 9.847931e-01 5.449670e-03
    outer loop
      vertex   -1.709052e+02 -3.849160e+02 2.639616e+02
      vertex   -1.705226e+02 -3.849726e+02 2.620000e+02
      vertex   -1.712096e+02 -3.848515e+02 2.620000e+02
    endloop
  endfacet
  facet normal 2.291435e-01 9.733862e-01 -3.536588e-03
    outer loop
      vertex   -1.709052e+02 -3.849160e+02 2.639616e+02
      vertex   -1.712096e+02 -3.848515e+02 2.620000e+02
      vertex   -1.713855e+02 -3.848033e+02 2.638617e+02
    endloop
  endfacet
  facet normal 3.090137e-01 9.510465e-01 4.588123e-03
    outer loop
      vertex   -1.713855e+02 -3.848033e+02 2.638617e+02
      vertex   -1.712096e+02 -3.848515e+02 2.620000e+02
      vertex   -1.718730e+02 -3.846359e+02 2.620000e+02
    endloop
  endfacet
  facet normal 3.229853e-01 9.464038e-01 5.119891e-04
    outer loop
      vertex   -1.713855e+02 -3.848033e+02 2.638617e+02
      vertex   -1.718730e+02 -3.846359e+02 2.620000e+02
      vertex   -1.718570e+02 -3.846424e+02 2.637690e+02
    endloop
  endfacet
  facet normal 4.185815e-01 9.081791e-01 -4.939220e-04
    outer loop
      vertex   -1.718570e+02 -3.846424e+02 2.637690e+02
      vertex   -1.718730e+02 -3.846359e+02 2.620000e+02
      vertex   -1.723110e+02 -3.844332e+02 2.636850e+02
    endloop
  endfacet
  facet normal 4.383638e-01 8.987790e-01 5.778742e-03
    outer loop
      vertex   -1.723110e+02 -3.844332e+02 2.636850e+02
      vertex   -1.718730e+02 -3.846359e+02 2.620000e+02
      vertex   -1.725000e+02 -3.843301e+02 2.620000e+02
    endloop
  endfacet
  facet normal 5.076948e-01 8.615264e-01 -4.276766e-03
    outer loop
      vertex   -1.723110e+02 -3.844332e+02 2.636850e+02
      vertex   -1.725000e+02 -3.843301e+02 2.620000e+02
      vertex   -1.727405e+02 -3.841804e+02 2.636101e+02
    endloop
  endfacet
  facet normal 5.591813e-01 8.290204e-01 6.435032e-03
    outer loop
      vertex   -1.727405e+02 -3.841804e+02 2.636101e+02
      vertex   -1.725000e+02 -3.843301e+02 2.620000e+02
      vertex   -1.730783e+02 -3.839401e+02 2.620000e+02
    endloop
  endfacet
  facet normal 5.883399e-01 8.086091e-01 -2.729930e-03
    outer loop
      vertex   -1.727405e+02 -3.841804e+02 2.636101e+02
      vertex   -1.730783e+02 -3.839401e+02 2.620000e+02
      vertex   -1.731392e+02 -3.838906e+02 2.635445e+02
    endloop
  endfacet
  facet normal 6.632561e-01 7.483894e-01 2.152690e-03
    outer loop
      vertex   -1.731392e+02 -3.838906e+02 2.635445e+02
      vertex   -1.730783e+02 -3.839401e+02 2.620000e+02
      vertex   -1.735008e+02 -3.835699e+02 2.634883e+02
    endloop
  endfacet
  facet normal 6.691218e-01 7.431351e-01 5.124409e-03
    outer loop
      vertex   -1.735008e+02 -3.835699e+02 2.634883e+02
      vertex   -1.730783e+02 -3.839401e+02 2.620000e+02
      vertex   -1.735967e+02 -3.834733e+02 2.620000e+02
    endloop
  endfacet
  facet normal 7.347983e-01 6.782776e-01 -3.321309e-03
    outer loop
      vertex   -1.735008e+02 -3.835699e+02 2.634883e+02
      vertex   -1.735967e+02 -3.834733e+02 2.620000e+02
      vertex   -1.738272e+02 -3.832165e+02 2.634402e+02
    endloop
  endfacet
  facet normal 7.660199e-01 6.427670e-01 8.005889e-03
    outer loop
      vertex   -1.738272e+02 -3.832165e+02 2.634402e+02
      vertex   -1.735967e+02 -3.834733e+02 2.620000e+02
      vertex   -1.740451e+02 -3.829389e+02 2.620000e+02
    endloop
  endfacet
  facet normal 7.974466e-01 6.033739e-01 -4.341934e-03
    outer loop
      vertex   -1.738272e+02 -3.832165e+02 2.634402e+02
      vertex   -1.740451e+02 -3.829389e+02 2.620000e+02
      vertex   -1.741252e+02 -3.828230e+02 2.633986e+02
    endloop
  endfacet
  facet normal 8.480389e-01 5.299135e-01 4.645701e-03
    outer loop
      vertex   -1.741252e+02 -3.828230e+02 2.633986e+02
      vertex   -1.740451e+02 -3.829389e+02 2.620000e+02
      vertex   -1.744147e+02 -3.823474e+02 2.620000e+02
    endloop
  endfacet
  facet normal 8.519719e-01 5.235849e-01 1.679241e-03
    outer loop
      vertex   -1.741252e+02 -3.828230e+02 2.633986e+02
      vertex   -1.744147e+02 -3.823474e+02 2.620000e+02
      vertex   -1.743879e+02 -3.823954e+02 2.633636e+02
    endloop
  endfacet
  facet normal 9.001796e-01 4.355124e-01 -2.373403e-03
    outer loop
      vertex   -1.743879e+02 -3.823954e+02 2.633636e+02
      vertex   -1.744147e+02 -3.823474e+02 2.620000e+02
      vertex   -1.746082e+02 -3.819401e+02 2.633354e+02
    endloop
  endfacet
  facet normal 9.135137e-01 4.067225e-01 8.337662e-03
    outer loop
      vertex   -1.746082e+02 -3.819401e+02 2.633354e+02
      vertex   -1.744147e+02 -3.823474e+02 2.620000e+02
      vertex   -1.746985e+02 -3.817101e+02 2.620000e+02
    endloop
  endfacet
  facet normal 9.406427e-01 3.393602e-01 -5.098578e-03
    outer loop
      vertex   -1.746082e+02 -3.819401e+02 2.633354e+02
      vertex   -1.746985e+02 -3.817101e+02 2.620000e+02
      vertex   -1.747802e+02 -3.814639e+02 2.633143e+02
    endloop
  endfacet
  facet normal 9.612300e-01 2.756283e-01 8.119720e-03
    outer loop
      vertex   -1.747802e+02 -3.814639e+02 2.633143e+02
      vertex   -1.746985e+02 -3.817101e+02 2.620000e+02
      vertex   -1.748907e+02 -3.810396e+02 2.620000e+02
    endloop
  endfacet
  facet normal 9.700318e-01 2.429573e-01 -3.169644e-03
    outer loop
      vertex   -1.747802e+02 -3.814639e+02 2.633143e+02
      vertex   -1.748907e+02 -3.810396e+02 2.620000e+02
      vertex   -1.749025e+02 -3.809755e+02 2.632996e+02
    endloop
  endfacet
  facet normal 9.890788e-01 1.473774e-01 1.712101e-03
    outer loop
      vertex   -1.749025e+02 -3.809755e+02 2.632996e+02
      vertex   -1.748907e+02 -3.810396e+02 2.620000e+02
      vertex   -1.749757e+02 -3.804844e+02 2.632911e+02
    endloop
  endfacet
  facet normal 9.902541e-01 1.391711e-01 5.317976e-03
    outer loop
      vertex   -1.749757e+02 -3.804844e+02 2.632911e+02
      vertex   -1.748907e+02 -3.810396e+02 2.620000e+02
      vertex   -1.749878e+02 -3.803488e+02 2.620000e+02
    endloop
  endfacet
  facet normal -0.000000e+00 0.000000e+00 1.000000e+00
    outer loop
      vertex   -1.680468e+02 -3.804299e+02 2.620000e+02
      vertex   -1.650487e+02 -3.806959e+02 2.620000e+02
      vertex   -1.680000e+02 -3.800000e+02 2.620000e+02
    endloop
  endfacet
  facet normal -0.000000e+00 0.000000e+00 1.000000e+00
    outer loop
      vertex   -1.680000e+02 -3.800000e+02 2.620000e+02
      vertex   -1.650487e+02 -3.806959e+02 2.620000e+02
      vertex   -1.650000e+02 -3.800000e+02 2.620000e+02
    endloop
  endfacet
  facet normal 0.000000e+00 0.000000e+00 1.000000e+00
    outer loop
      vertex   -1.680000e+02 -3.800000e+02 2.620000e+02
      vertex   -1.650000e+02 -3.800000e+02 2.620000e+02
      vertex   -1.650487e+02 -3.793041e+02 2.620000e+02
    endloop
  endfacet
  facet normal 0.000000e+00 0.000000e+00 1.000000e+00
    outer loop
      vertex   -1.650487e+02 -3.806959e+02 2.620000e+02
      vertex   -1.680468e+02 -3.804299e+02 2.620000e+02
      vertex   -1.651937e+02 -3.813782e+02 2.620000e+02
    endloop
  endfacet
  facet normal 0.000000e+00 0.000000e+00 1.000000e+00
    outer loop
      vertex   -1.651937e+02 -3.813782e+02 2.620000e+02
      vertex   -1.680468e+02 -3.804299e+02 2.620000e+02
      vertex   -1.681849e+02 -3.808398e+02 2.620000e+02
    endloop
  endfacet
  facet normal 0.000000e+00 0.000000e+00 1.000000e+00
    outer loop
      vertex   -1.651937e+02 -3.813782e+02 2.620000e+02
      vertex   -1.681849e+02 -3.808398e+02 2.620000e+02
      vertex   -1.654323e+02 -3.820337e+02 2.620000e+02
    endloop
  endfacet
  facet normal 0.000000e+00 0.000000e+00 1.000000e+00
    outer loop
      vertex   -1.654323e+02 -3.820337e+02 2.620000e+02
      vertex   -1.681849e+02 -3.808398e+02 2.620000e+02
      vertex   -1.657598e+02 -3.826496e+02 2.620000e+02
    endloop
  endfacet
  facet normal 0.000000e+00 0.000000e+00 1.000000e+00
    outer loop
      vertex   -1.657598e+02 -3.826496e+02 2.620000e+02
      vertex   -1.681849e+02 -3.808398e+02 2.620000e+02
      vertex   -1.684078e+02 -3.812104e+02 2.620000e+02
    endloop
  endfacet
  facet normal 0.000000e+00 0.000000e+00 1.000000e+00
    outer loop
      vertex   -1.657598e+02 -3.826496e+02 2.620000e+02
      vertex   -1.684078e+02 -3.812104e+02 2.620000e+02
      vertex   -1.661698e+02 -3.832139e+02 2.620000e+02
    endloop
  endfacet
  facet normal 0.000000e+00 0.000000e+00 1.000000e+00
    outer loop
      vertex   -1.661698e+02 -3.832139e+02 2.620000e+02
      vertex   -1.684078e+02 -3.812104e+02 2.620000e+02
      vertex   -1.687052e+02 -3.815243e+02 2.620000e+02
    endloop
  endfacet
  facet normal 0.000000e+00 0.000000e+00 1.000000e+00
    outer loop
      vertex   -1.661698e+02 -3.832139e+02 2.620000e+02
      vertex   -1.687052e+02 -3.815243e+02 2.620000e+02
      vertex   -1.666543e+02 -3.837157e+02 2.620000e+02
    endloop
  endfacet
  facet normal 0.000000e+00 0.000000e+00 1.000000e+00
    outer loop
      vertex   -1.666543e+02 -3.837157e+02 2.620000e+02
      vertex   -1.687052e+02 -3.815243e+02 2.620000e+02
      vertex   -1.672040e+02 -3.841452e+02 2.620000e+02
    endloop
  endfacet
  facet normal 0.000000e+00 0.000000e+00 1.000000e+00
    outer loop
      vertex   -1.672040e+02 -3.841452e+02 2.620000e+02
      vertex   -1.687052e+02 -3.815243e+02 2.620000e+02
      vertex   -1.690632e+02 -3.817670e+02 2.620000e+02
    endloop
  endfacet
  facet normal 0.000000e+00 0.000000e+00 1.000000e+00
    outer loop
      vertex   -1.672040e+02 -3.841452e+02 2.620000e+02
      vertex   -1.690632e+02 -3.817670e+02 2.620000e+02
      vertex   -1.678081e+02 -3.844940e+02 2.620000e+02
    endloop
  endfacet
  facet normal 0.000000e+00 0.000000e+00 1.000000e+00
    outer loop
      vertex   -1.678081e+02 -3.844940e+02 2.620000e+02
      vertex   -1.690632e+02 -3.817670e+02 2.620000e+02
      vertex   -1.684549e+02 -3.847553e+02 2.620000e+02
    endloop
  endfacet
  facet normal 0.000000e+00 0.000000e+00 1.000000e+00
    outer loop
      vertex   -1.684549e+02 -3.847553e+02 2.620000e+02
      vertex   -1.690632e+02 -3.817670e+02 2.620000e+02
      vertex   -1.694649e+02 -3.819271e+02 2.620000e+02
    endloop
  endfacet
  facet normal 0.000000e+00 0.000000e+00 1.000000e+00
    outer loop
      vertex   -1.684549e+02 -3.847553e+02 2.620000e+02
      vertex   -1.694649e+02 -3.819271e+02 2.620000e+02
      vertex   -1.691318e+02 -3.849240e+02 2.620000e+02
    endloop
  endfacet
  facet normal 0.000000e+00 0.000000e+00 1.000000e+00
    outer loop
      vertex   -1.691318e+02 -3.849240e+02 2.620000e+02
      vertex   -1.694649e+02 -3.819271e+02 2.620000e+02
      vertex   -1.698917e+02 -3.819971e+02 2.620000e+02
    endloop
  endfacet
  facet normal 0.000000e+00 0.000000e+00 1.000000e+00
    outer loop
      vertex   -1.691318e+02 -3.849240e+02 2.620000e+02
      vertex   -1.698917e+02 -3.819971e+02 2.620000e+02
      vertex   -1.698255e+02 -3.849970e+02 2.620000e+02
    endloop
  endfacet
  facet normal 0.000000e+00 0.000000e+00 1.000000e+00
    outer loop
      vertex   -1.698255e+02 -3.849970e+02 2.620000e+02
      vertex   -1.698917e+02 -3.819971e+02 2.620000e+02
      vertex   -1.705226e+02 -3.849726e+02 2.620000e+02
    endloop
  endfacet
  facet normal 0.000000e+00 0.000000e+00 1.000000e+00
    outer loop
      vertex   -1.705226e+02 -3.849726e+02 2.620000e+02
      vertex   -1.698917e+02 -3.819971e+02 2.620000e+02
      vertex   -1.703236e+02 -3.819737e+02 2.620000e+02
    endloop
  endfacet
  facet normal 0.000000e+00 -0.000000e+00 1.000000e+00
    outer loop
      vertex   -1.705226e+02 -3.849726e+02 2.620000e+02
      vertex   -1.703236e+02 -3.819737e+02 2.620000e+02
      vertex   -1.712096e+02 -3.848515e+02 2.620000e+02
    endloop
  endfacet
  facet normal 0.000000e+00 0.000000e+00 1.000000e+00
    outer loop
      vertex   -1.712096e+02 -3.848515e+02 2.620000e+02
      vertex   -1.703236e+02 -3.819737e+02 2.620000e+02
      vertex   -1.707403e+02 -3.818580e+02 2.620000e+02
    endloop
  endfacet
  facet normal 0.000000e+00 -0.000000e+00 1.000000e+00
    outer loop
      vertex   -1.712096e+02 -3.848515e+02 2.620000e+02
      vertex   -1.707403e+02 -3.818580e+02 2.620000e+02
      vertex   -1.718730e+02 -3.846359e+02 2.620000e+02
    endloop
  endfacet
  facet normal 0.000000e+00 -0.000000e+00 1.000000e+00
    outer loop
      vertex   -1.718730e+02 -3.846359e+02 2.620000e+02
      vertex   -1.707403e+02 -3.818580e+02 2.620000e+02
      vertex   -1.725000e+02 -3.843301e+02 2.620000e+02
    endloop
  endfacet
  facet normal 0.000000e+00 0.000000e+00 1.000000e+00
    outer loop
      vertex   -1.725000e+02 -3.843301e+02 2.620000e+02
      vertex   -1.707403e+02 -3.818580e+02 2.620000e+02
      vertex   -1.711224e+02 -3.816554e+02 2.620000e+02
    endloop
  endfacet
  facet normal 0.000000e+00 -0.000000e+00 1.000000e+00
    outer loop
      vertex   -1.725000e+02 -3.843301e+02 2.620000e+02
      vertex   -1.711224e+02 -3.816554e+02 2.620000e+02
      vertex   -1.730783e+02 -3.839401e+02 2.620000e+02
    endloop
  endfacet
  facet normal 0.000000e+00 0.000000e+00 1.000000e+00
    outer loop
      vertex   -1.730783e+02 -3.839401e+02 2.620000e+02
      vertex   -1.711224e+02 -3.816554e+02 2.620000e+02
      vertex   -1.714520e+02 -3.813754e+02 2.620000e+02
    endloop
  endfacet
  facet normal 0.000000e+00 -0.000000e+00 1.000000e+00
    outer loop
      vertex   -1.730783e+02 -3.839401e+02 2.620000e+02
      vertex   -1.714520e+02 -3.813754e+02 2.620000e+02
      vertex   -1.735967e+02 -3.834733e+02 2.620000e+02
    endloop
  endfacet
  facet normal 0.000000e+00 -0.000000e+00 1.000000e+00
    outer loop
      vertex   -1.735967e+02 -3.834733e+02 2.620000e+02
      vertex   -1.714520e+02 -3.813754e+02 2.620000e+02
      vertex   -1.740451e+02 -3.829389e+02 2.620000e+02
    endloop
  endfacet
  facet normal 0.000000e+00 0.000000e+00 1.000000e+00
    outer loop
      vertex   -1.740451e+02 -3.829389e+02 2.620000e+02
      vertex   -1.714520e+02 -3.813754e+02 2.620000e+02
      vertex   -1.717137e+02 -3.810311e+02 2.620000e+02
    endloop
  endfacet
  facet normal 0.000000e+00 -0.000000e+00 1.000000e+00
    outer loop
      vertex   -1.740451e+02 -3.829389e+02 2.620000e+02
      vertex   -1.717137e+02 -3.810311e+02 2.620000e+02
      vertex   -1.744147e+02 -3.823474e+02 2.620000e+02
    endloop
  endfacet
  facet normal 0.000000e+00 0.000000e+00 1.000000e+00
    outer loop
      vertex   -1.744147e+02 -3.823474e+02 2.620000e+02
      vertex   -1.717137e+02 -3.810311e+02 2.620000e+02
      vertex   -1.718953e+02 -3.806386e+02 2.620000e+02
    endloop
  endfacet
  facet normal 0.000000e+00 -0.000000e+00 1.000000e+00
    outer loop
      vertex   -1.744147e+02 -3.823474e+02 2.620000e+02
      vertex   -1.718953e+02 -3.806386e+02 2.620000e+02
      vertex   -1.746985e+02 -3.817101e+02 2.620000e+02
    endloop
  endfacet
  facet normal 0.000000e+00 -0.000000e+00 1.000000e+00
    outer loop
      vertex   -1.746985e+02 -3.817101e+02 2.620000e+02
      vertex   -1.718953e+02 -3.806386e+02 2.620000e+02
      vertex   -1.748907e+02 -3.810396e+02 2.620000e+02
    endloop
  endfacet
  facet normal 0.000000e+00 0.000000e+00 1.000000e+00
    outer loop
      vertex   -1.748907e+02 -3.810396e+02 2.620000e+02
      vertex   -1.718953e+02 -3.806386e+02 2.620000e+02
      vertex   -1.719883e+02 -3.802162e+02 2.620000e+02
    endloop
  endfacet
  facet normal 0.000000e+00 -0.000000e+00 1.000000e+00
    outer loop
      vertex   -1.748907e+02 -3.810396e+02 2.620000e+02
      vertex   -1.719883e+02 -3.802162e+02 2.620000e+02
      vertex   -1.749878e+02 -3.803488e+02 2.620000e+02
    endloop
  endfacet
  facet normal 0.000000e+00 0.000000e+00 1.000000e+00
    outer loop
      vertex   -1.749878e+02 -3.803488e+02 2.620000e+02
      vertex   -1.719883e+02 -3.802162e+02 2.620000e+02
      vertex   -1.749878e+02 -3.796512e+02 2.620000e+02
    endloop
  endfacet
  facet normal 0.000000e+00 0.000000e+00 1.000000e+00
    outer loop
      vertex   -1.749878e+02 -3.796512e+02 2.620000e+02
      vertex   -1.719883e+02 -3.802162e+02 2.620000e+02
      vertex   -1.719883e+02 -3.797838e+02 2.620000e+02
    endloop
  endfacet
  facet normal -0.000000e+00 0.000000e+00 1.000000e+00
    outer loop
      vertex   -1.749878e+02 -3.796512e+02 2.620000e+02
      vertex   -1.719883e+02 -3.797838e+02 2.620000e+02
      vertex   -1.748907e+02 -3.789604e+02 2.620000e+02
    endloop
  endfacet
  facet normal 0.000000e+00 0.000000e+00 1.000000e+00
    outer loop
      vertex   -1.748907e+02 -3.789604e+02 2.620000e+02
      vertex   -1.719883e+02 -3.797838e+02 2.620000e+02
      vertex   -1.718953e+02 -3.793614e+02 2.620000e+02
    endloop
  endfacet
  facet normal -0.000000e+00 0.000000e+00 1.000000e+00
    outer loop
      vertex   -1.748907e+02 -3.789604e+02 2.620000e+02
      vertex   -1.718953e+02 -3.793614e+02 2.620000e+02
      vertex   -1.746985e+02 -3.782899e+02 2.620000e+02
    endloop
  endfacet
  facet normal -0.000000e+00 0.000000e+00 1.000000e+00
    outer loop
      vertex   -1.746985e+02 -3.782899e+02 2.620000e+02
      vertex   -1.718953e+02 -3.793614e+02 2.620000e+02
      vertex   -1.744147e+02 -3.776526e+02 2.620000e+02
    endloop
  endfacet
  facet normal 0.000000e+00 0.000000e+00 1.000000e+00
    outer loop
      vertex   -1.744147e+02 -3.776526e+02 2.620000e+02
      vertex   -1.718953e+02 -3.793614e+02 2.620000e+02
      vertex   -1.717137e+02 -3.789689e+02 2.620000e+02
    endloop
  endfacet
  facet normal -0.000000e+00 0.000000e+00 1.000000e+00
    outer loop
      vertex   -1.744147e+02 -3.776526e+02 2.620000e+02
      vertex   -1.717137e+02 -3.789689e+02 2.620000e+02
      vertex   -1.740451e+02 -3.770611e+02 2.620000e+02
    endloop
  endfacet
  facet normal 0.000000e+00 0.000000e+00 1.000000e+00
    outer loop
      vertex   -1.740451e+02 -3.770611e+02 2.620000e+02
      vertex   -1.717137e+02 -3.789689e+02 2.620000e+02
      vertex   -1.714520e+02 -3.786246e+02 2.620000e+02
    endloop
  endfacet
  facet normal -0.000000e+00 0.000000e+00 1.000000e+00
    outer loop
      vertex   -1.740451e+02 -3.770611e+02 2.620000e+02
      vertex   -1.714520e+02 -3.786246e+02 2.620000e+02
      vertex   -1.735967e+02 -3.765267e+02 2.620000e+02
    endloop
  endfacet
  facet normal -0.000000e+00 0.000000e+00 1.000000e+00
    outer loop
      vertex   -1.735967e+02 -3.765267e+02 2.620000e+02
      vertex   -1.714520e+02 -3.786246e+02 2.620000e+02
      vertex   -1.730783e+02 -3.760600e+02 2.620000e+02
    endloop
  endfacet
  facet normal 0.000000e+00 0.000000e+00 1.000000e+00
    outer loop
      vertex   -1.730783e+02 -3.760600e+02 2.620000e+02
      vertex   -1.714520e+02 -3.786246e+02 2.620000e+02
      vertex   -1.711224e+02 -3.783446e+02 2.620000e+02
    endloop
  endfacet
  facet normal -0.000000e+00 0.000000e+00 1.000000e+00
    outer loop
      vertex   -1.730783e+02 -3.760600e+02 2.620000e+02
      vertex   -1.711224e+02 -3.783446e+02 2.620000e+02
      vertex   -1.725000e+02 -3.756699e+02 2.620000e+02
    endloop
  endfacet
  facet normal 0.000000e+00 0.000000e+00 1.000000e+00
    outer loop
      vertex   -1.725000e+02 -3.756699e+02 2.620000e+02
      vertex   -1.711224e+02 -3.783446e+02 2.620000e+02
      vertex   -1.707403e+02 -3.781421e+02 2.620000e+02
    endloop
  endfacet
  facet normal -0.000000e+00 0.000000e+00 1.000000e+00
    outer loop
      vertex   -1.725000e+02 -3.756699e+02 2.620000e+02
      vertex   -1.707403e+02 -3.781421e+02 2.620000e+02
      vertex   -1.718730e+02 -3.753641e+02 2.620000e+02
    endloop
  endfacet
  facet normal -0.000000e+00 0.000000e+00 1.000000e+00
    outer loop
      vertex   -1.718730e+02 -3.753641e+02 2.620000e+02
      vertex   -1.707403e+02 -3.781421e+02 2.620000e+02
      vertex   -1.712096e+02 -3.751485e+02 2.620000e+02
    endloop
  endfacet
  facet normal 0.000000e+00 0.000000e+00 1.000000e+00
    outer loop
      vertex   -1.712096e+02 -3.751485e+02 2.620000e+02
      vertex   -1.707403e+02 -3.781421e+02 2.620000e+02
      vertex   -1.703236e+02 -3.780264e+02 2.620000e+02
    endloop
  endfacet
  facet normal -0.000000e+00 0.000000e+00 1.000000e+00
    outer loop
      vertex   -1.712096e+02 -3.751485e+02 2.620000e+02
      vertex   -1.703236e+02 -3.780264e+02 2.620000e+02
      vertex   -1.705226e+02 -3.750274e+02 2.620000e+02
    endloop
  endfacet
  facet normal 0.000000e+00 0.000000e+00 1.000000e+00
    outer loop
      vertex   -1.705226e+02 -3.750274e+02 2.620000e+02
      vertex   -1.703236e+02 -3.780264e+02 2.620000e+02
      vertex   -1.698917e+02 -3.780029e+02 2.620000e+02
    endloop
  endfacet
  facet normal -0.000000e+00 0.000000e+00 1.000000e+00
    outer loop
      vertex   -1.705226e+02 -3.750274e+02 2.620000e+02
      vertex   -1.698917e+02 -3.780029e+02 2.620000e+02
      vertex   -1.698255e+02 -3.750031e+02 2.620000e+02
    endloop
  endfacet
  facet normal 0.000000e+00 0.000000e+00 1.000000e+00
    outer loop
      vertex   -1.698255e+02 -3.750031e+02 2.620000e+02
      vertex   -1.698917e+02 -3.780029e+02 2.620000e+02
      vertex   -1.691318e+02 -3.750760e+02 2.620000e+02
    endloop
  endfacet
  facet normal 0.000000e+00 0.000000e+00 1.000000e+00
    outer loop
      vertex   -1.691318e+02 -3.750760e+02 2.620000e+02
      vertex   -1.698917e+02 -3.780029e+02 2.620000e+02
      vertex   -1.694649e+02 -3.780729e+02 2.620000e+02
    endloop
  endfacet
  facet normal 0.000000e+00 0.000000e+00 1.000000e+00
    outer loop
      vertex   -1.691318e+02 -3.750760e+02 2.620000e+02
      vertex   -1.694649e+02 -3.780729e+02 2.620000e+02
      vertex   -1.684549e+02 -3.752447e+02 2.620000e+02
    endloop
  endfacet
  facet normal 0.000000e+00 0.000000e+00 1.000000e+00
    outer loop
      vertex   -1.684549e+02 -3.752447e+02 2.620000e+02
      vertex   -1.694649e+02 -3.780729e+02 2.620000e+02
      vertex   -1.690632e+02 -3.782330e+02 2.620000e+02
    endloop
  endfacet
  facet normal 0.000000e+00 0.000000e+00 1.000000e+00
    outer loop
      vertex   -1.684549e+02 -3.752447e+02 2.620000e+02
      vertex   -1.690632e+02 -3.782330e+02 2.620000e+02
      vertex   -1.678081e+02 -3.755060e+02 2.620000e+02
    endloop
  endfacet
  facet normal 0.000000e+00 0.000000e+00 1.000000e+00
    outer loop
      vertex   -1.678081e+02 -3.755060e+02 2.620000e+02
      vertex   -1.690632e+02 -3.782330e+02 2.620000e+02
      vertex   -1.672040e+02 -3.758548e+02 2.620000e+02
    endloop
  endfacet
  facet normal 0.000000e+00 0.000000e+00 1.000000e+00
    outer loop
      vertex   -1.672040e+02 -3.758548e+02 2.620000e+02
      vertex   -1.690632e+02 -3.782330e+02 2.620000e+02
      vertex   -1.687052e+02 -3.784757e+02 2.620000e+02
    endloop
  endfacet
  facet normal 0.000000e+00 0.000000e+00 1.000000e+00
    outer loop
      vertex   -1.672040e+02 -3.758548e+02 2.620000e+02
      vertex   -1.687052e+02 -3.784757e+02 2.620000e+02
      vertex   -1.666543e+02 -3.762843e+02 2.620000e+02
    endloop
  endfacet
  facet normal 0.000000e+00 0.000000e+00 1.000000e+00
    outer loop
      vertex   -1.666543e+02 -3.762843e+02 2.620000e+02
      vertex   -1.687052e+02 -3.784757e+02 2.620000e+02
      vertex   -1.661698e+02 -3.767861e+02 2.620000e+02
    endloop
  endfacet
  facet normal 0.000000e+00 0.000000e+00 1.000000e+00
    outer loop
      vertex   -1.661698e+02 -3.767861e+02 2.620000e+02
      vertex   -1.687052e+02 -3.784757e+02 2.620000e+02
      vertex   -1.684078e+02 -3.787897e+02 2.620000e+02
    endloop
  endfacet
  facet normal 0.000000e+00 0.000000e+00 1.000000e+00
    outer loop
      vertex   -1.661698e+02 -3.767861e+02 2.620000e+02
      vertex   -1.684078e+02 -3.787897e+02 2.620000e+02
      vertex   -1.657598e+02 -3.773504e+02 2.620000e+02
    endloop
  endfacet
  facet normal 0.000000e+00 0.000000e+00 1.000000e+00
    outer loop
      vertex   -1.657598e+02 -3.773504e+02 2.620000e+02
      vertex   -1.684078e+02 -3.787897e+02 2.620000e+02
      vertex   -1.681849e+02 -3.791602e+02 2.620000e+02
    endloop
  endfacet
  facet normal 0.000000e+00 0.000000e+00 1.000000e+00
    outer loop
      vertex   -1.657598e+02 -3.773504e+02 2.620000e+02
      vertex   -1.681849e+02 -3.791602e+02 2.620000e+02
      vertex   -1.654323e+02 -3.779663e+02 2.620000e+02
    endloop
  endfacet
  facet normal 0.000000e+00 0.000000e+00 1.000000e+00
    outer loop
      vertex   -1.654323e+02 -3.779663e+02 2.620000e+02
      vertex   -1.681849e+02 -3.791602e+02 2.620000e+02
      vertex   -1.651937e+02 -3.786218e+02 2.620000e+02
    endloop
  endfacet
  facet normal 0.000000e+00 0.000000e+00 1.000000e+00
    outer loop
      vertex   -1.651937e+02 -3.786218e+02 2.620000e+02
      vertex   -1.681849e+02 -3.791602e+02 2.620000e+02
      vertex   -1.680468e+02 -3.795701e+02 2.620000e+02
    endloop
  endfacet
  facet normal 0.000000e+00 0.000000e+00 1.000000e+00
    outer loop
      vertex   -1.651937e+02 -3.786218e+02 2.620000e+02
      vertex   -1.680468e+02 -3.795701e+02 2.620000e+02
      vertex   -1.650487e+02 -3.793041e+02 2.620000e+02
    endloop
  endfacet
  facet normal 0.000000e+00 0.000000e+00 1.000000e+00
    outer loop
      vertex   -1.650487e+02 -3.793041e+02 2.620000e+02
      vertex   -1.680468e+02 -3.795701e+02 2.620000e+02
      vertex   -1.680000e+02 -3.800000e+02 2.620000e+02
    endloop
  endfacet
  facet normal 9.987431e-01 5.010182e-02 -1.447696e-03
    outer loop
      vertex   -1.949757e+02 -3.804838e+02 2.656591e+02
      vertex   -1.949878e+02 -3.803488e+02 2.620000e+02
      vertex   -1.950000e+02 -3.800000e+02 2.656680e+02
    endloop
  endfacet
  facet normal 9.999945e-01 8.475956e-19 3.320497e-03
    outer loop
      vertex   -1.950000e+02 -3.800000e+02 2.656680e+02
      vertex   -1.949878e+02 -3.803488e+02 2.620000e+02
      vertex   -1.949878e+02 -3.796512e+02 2.620000e+02
    endloop
  endfacet
  facet normal 9.987431e-01 -5.010182e-02 -1.447696e-03
    outer loop
      vertex   -1.950000e+02 -3.800000e+02 2.656680e+02
      vertex   -1.949878e+02 -3.796512e+02 2.620000e+02
      vertex   -1.949757e+02 -3.795162e+02 2.656591e+02
    endloop
  endfacet
  facet normal 9.902663e-01 -1.391729e-01 1.867643e-03
    outer loop
      vertex   -1.949757e+02 -3.795162e+02 2.656591e+02
      vertex   -1.949878e+02 -3.796512e+02 2.620000e+02
      vertex   -1.948907e+02 -3.789604e+02 2.620000e+02
    endloop
  endfacet
  facet normal 9.891289e-01 -1.470496e-01 6.449194e-04
    outer loop
      vertex   -1.949757e+02 -3.795162e+02 2.656591e+02
      vertex   -1.948907e+02 -3.789604e+02 2.620000e+02
      vertex   -1.949030e+02 -3.790268e+02 2.656324e+02
    endloop
  endfacet
  facet normal 9.701756e-01 -2.424004e-01 -1.160294e-03
    outer loop
      vertex   -1.949030e+02 -3.790268e+02 2.656324e+02
      vertex   -1.948907e+02 -3.789604e+02 2.620000e+02
      vertex   -1.947817e+02 -3.785411e+02 2.655884e+02
    endloop
  endfacet
  facet normal 9.612574e-01 -2.756361e-01 2.994308e-03
    outer loop
      vertex   -1.947817e+02 -3.785411e+02 2.655884e+02
      vertex   -1.948907e+02 -3.789604e+02 2.620000e+02
      vertex   -1.946985e+02 -3.782899e+02 2.620000e+02
    endloop
  endfacet
  facet normal 9.410198e-01 -3.383465e-01 -1.865576e-03
    outer loop
      vertex   -1.947817e+02 -3.785411e+02 2.655884e+02
      vertex   -1.946985e+02 -3.782899e+02 2.620000e+02
      vertex   -1.946119e+02 -3.780686e+02 2.655275e+02
    endloop
  endfacet
  facet normal 9.135411e-01 -4.067347e-01 3.100051e-03
    outer loop
      vertex   -1.946119e+02 -3.780686e+02 2.655275e+02
      vertex   -1.946985e+02 -3.782899e+02 2.620000e+02
      vertex   -1.944147e+02 -3.776526e+02 2.620000e+02
    endloop
  endfacet
  facet normal 9.011540e-01 -4.334984e-01 -7.477973e-04
    outer loop
      vertex   -1.946119e+02 -3.780686e+02 2.655275e+02
      vertex   -1.944147e+02 -3.776526e+02 2.620000e+02
      vertex   -1.943950e+02 -3.776176e+02 2.654509e+02
    endloop
  endfacet
  facet normal 8.539636e-01 -5.203326e-01 4.025692e-04
    outer loop
      vertex   -1.943950e+02 -3.776176e+02 2.654509e+02
      vertex   -1.944147e+02 -3.776526e+02 2.620000e+02
      vertex   -1.941373e+02 -3.771948e+02 2.653615e+02
    endloop
  endfacet
  facet normal 8.480461e-01 -5.299180e-01 2.196619e-03
    outer loop
      vertex   -1.941373e+02 -3.771948e+02 2.653615e+02
      vertex   -1.944147e+02 -3.776526e+02 2.620000e+02
      vertex   -1.940451e+02 -3.770611e+02 2.620000e+02
    endloop
  endfacet
  facet normal 8.000157e-01 -5.999760e-01 -1.907472e-03
    outer loop
      vertex   -1.941373e+02 -3.771948e+02 2.653615e+02
      vertex   -1.940451e+02 -3.770611e+02 2.620000e+02
      vertex   -1.938459e+02 -3.768059e+02 2.652624e+02
    endloop
  endfacet
  facet normal 7.660397e-01 -6.427836e-01 3.515362e-03
    outer loop
      vertex   -1.938459e+02 -3.768059e+02 2.652624e+02
      vertex   -1.940451e+02 -3.770611e+02 2.620000e+02
      vertex   -1.935967e+02 -3.765267e+02 2.620000e+02
    endloop
  endfacet
  facet normal 7.389703e-01 -6.737370e-01 -1.201103e-03
    outer loop
      vertex   -1.938459e+02 -3.768059e+02 2.652624e+02
      vertex   -1.935967e+02 -3.765267e+02 2.620000e+02
      vertex   -1.935278e+02 -3.764568e+02 2.651570e+02
    endloop
  endfacet
  facet normal 6.703493e-01 -7.420435e-01 1.808615e-03
    outer loop
      vertex   -1.935278e+02 -3.764568e+02 2.651570e+02
      vertex   -1.935967e+02 -3.765267e+02 2.620000e+02
      vertex   -1.931767e+02 -3.761399e+02 2.650438e+02
    endloop
  endfacet
  facet normal 6.691291e-01 -7.431432e-01 2.116723e-03
    outer loop
      vertex   -1.931767e+02 -3.761399e+02 2.650438e+02
      vertex   -1.935967e+02 -3.765267e+02 2.620000e+02
      vertex   -1.930783e+02 -3.760600e+02 2.620000e+02
    endloop
  endfacet
  facet normal 5.962990e-01 -8.027604e-01 -1.803787e-03
    outer loop
      vertex   -1.931767e+02 -3.761399e+02 2.650438e+02
      vertex   -1.930783e+02 -3.760600e+02 2.620000e+02
      vertex   -1.927896e+02 -3.758521e+02 2.649228e+02
    endloop
  endfacet
  facet normal 5.591890e-01 -8.290318e-01 3.730495e-03
    outer loop
      vertex   -1.927896e+02 -3.758521e+02 2.649228e+02
      vertex   -1.930783e+02 -3.760600e+02 2.620000e+02
      vertex   -1.925000e+02 -3.756699e+02 2.620000e+02
    endloop
  endfacet
  facet normal 5.174541e-01 -8.557085e-01 -2.067589e-03
    outer loop
      vertex   -1.927896e+02 -3.758521e+02 2.649228e+02
      vertex   -1.925000e+02 -3.756699e+02 2.620000e+02
      vertex   -1.923720e+02 -3.755992e+02 2.647965e+02
    endloop
  endfacet
  facet normal 4.383696e-01 -8.987909e-01 2.642269e-03
    outer loop
      vertex   -1.923720e+02 -3.755992e+02 2.647965e+02
      vertex   -1.925000e+02 -3.756699e+02 2.620000e+02
      vertex   -1.918730e+02 -3.753641e+02 2.620000e+02
    endloop
  endfacet
  facet normal 4.322266e-01 -9.017641e-01 1.296343e-03
    outer loop
      vertex   -1.923720e+02 -3.755992e+02 2.647965e+02
      vertex   -1.918730e+02 -3.753641e+02 2.620000e+02
      vertex   -1.919293e+02 -3.753872e+02 2.646677e+02
    endloop
  endfacet
  facet normal 3.384927e-01 -9.409685e-01 -1.019349e-03
    outer loop
      vertex   -1.919293e+02 -3.753872e+02 2.646677e+02
      vertex   -1.918730e+02 -3.753641e+02 2.620000e+02
      vertex   -1.914674e+02 -3.752209e+02 2.645389e+02
    endloop
  endfacet
  facet normal 3.090142e-01 -9.510479e-01 4.258175e-03
    outer loop
      vertex   -1.914674e+02 -3.752209e+02 2.645389e+02
      vertex   -1.918730e+02 -3.753641e+02 2.620000e+02
      vertex   -1.912096e+02 -3.751485e+02 2.620000e+02
    endloop
  endfacet
  facet normal 2.446085e-01 -9.696178e-01 -2.812033e-03
    outer loop
      vertex   -1.914674e+02 -3.752209e+02 2.645389e+02
      vertex   -1.912096e+02 -3.751485e+02 2.620000e+02
      vertex   -1.909942e+02 -3.751012e+02 2.644125e+02
    endloop
  endfacet
  facet normal 1.736469e-01 -9.848006e-01 3.822902e-03
    outer loop
      vertex   -1.909942e+02 -3.751012e+02 2.644125e+02
      vertex   -1.912096e+02 -3.751485e+02 2.620000e+02
      vertex   -1.905226e+02 -3.750274e+02 2.620000e+02
    endloop
  endfacet
  facet normal 1.522953e-01 -9.883349e-01 -4.582943e-04
    outer loop
      vertex   -1.909942e+02 -3.751012e+02 2.644125e+02
      vertex   -1.905226e+02 -3.750274e+02 2.620000e+02
      vertex   -1.905176e+02 -3.750277e+02 2.642908e+02
    endloop
  endfacet
  facet normal 5.805257e-02 -9.983135e-01 -2.528690e-04
    outer loop
      vertex   -1.905176e+02 -3.750277e+02 2.642908e+02
      vertex   -1.905226e+02 -3.750274e+02 2.620000e+02
      vertex   -1.900460e+02 -3.750002e+02 2.641759e+02
    endloop
  endfacet
  facet normal 3.489909e-02 -9.993792e-01 4.832597e-03
    outer loop
      vertex   -1.900460e+02 -3.750002e+02 2.641759e+02
      vertex   -1.905226e+02 -3.750274e+02 2.620000e+02
      vertex   -1.898255e+02 -3.750031e+02 2.620000e+02
    endloop
  endfacet
  facet normal -3.997261e-02 -9.991970e-01 -2.753806e-03
    outer loop
      vertex   -1.900460e+02 -3.750002e+02 2.641759e+02
      vertex   -1.898255e+02 -3.750031e+02 2.620000e+02
      vertex   -1.895749e+02 -3.750188e+02 2.640670e+02
    endloop
  endfacet
  facet normal -1.045271e-01 -9.945089e-01 5.109669e-03
    outer loop
      vertex   -1.895749e+02 -3.750188e+02 2.640670e+02
      vertex   -1.898255e+02 -3.750031e+02 2.620000e+02
      vertex   -1.891318e+02 -3.750760e+02 2.620000e+02
    endloop
  endfacet
  facet normal -1.349522e-01 -9.908509e-01 -1.513795e-03
    outer loop
      vertex   -1.895749e+02 -3.750188e+02 2.640670e+02
      vertex   -1.891318e+02 -3.750760e+02 2.620000e+02
      vertex   -1.890948e+02 -3.750840e+02 2.639616e+02
    endloop
  endfacet
  facet normal -2.283844e-01 -9.735710e-01 3.192502e-04
    outer loop
      vertex   -1.890948e+02 -3.750840e+02 2.639616e+02
      vertex   -1.891318e+02 -3.750760e+02 2.620000e+02
      vertex   -1.886145e+02 -3.751967e+02 2.638617e+02
    endloop
  endfacet
  facet normal -2.419197e-01 -9.702868e-01 4.293013e-03
    outer loop
      vertex   -1.886145e+02 -3.751967e+02 2.638617e+02
      vertex   -1.891318e+02 -3.750760e+02 2.620000e+02
      vertex   -1.884549e+02 -3.752447e+02 2.620000e+02
    endloop
  endfacet
  facet normal -3.236612e-01 -9.461672e-01 -3.335431e-03
    outer loop
      vertex   -1.886145e+02 -3.751967e+02 2.638617e+02
      vertex   -1.884549e+02 -3.752447e+02 2.620000e+02
      vertex   -1.881430e+02 -3.753577e+02 2.637690e+02
    endloop
  endfacet
  facet normal -3.745978e-01 -9.271620e-01 6.859029e-03
    outer loop
      vertex   -1.881430e+02 -3.753577e+02 2.637690e+02
      vertex   -1.884549e+02 -3.752447e+02 2.620000e+02
      vertex   -1.878081e+02 -3.755060e+02 2.620000e+02
    endloop
  endfacet
  facet normal -4.189849e-01 -9.079878e-01 -3.151752e-03
    outer loop
      vertex   -1.881430e+02 -3.753577e+02 2.637690e+02
      vertex   -1.878081e+02 -3.755060e+02 2.620000e+02
      vertex   -1.876890e+02 -3.755668e+02 2.636850e+02
    endloop
  endfacet
  facet normal -4.999958e-01 -8.660182e-01 4.089826e-03
    outer loop
      vertex   -1.876890e+02 -3.755668e+02 2.636850e+02
      vertex   -1.878081e+02 -3.755060e+02 2.620000e+02
      vertex   -1.872040e+02 -3.758548e+02 2.620000e+02
    endloop
  endfacet
  facet normal -5.069652e-01 -8.619654e-01 1.391212e-03
    outer loop
      vertex   -1.876890e+02 -3.755668e+02 2.636850e+02
      vertex   -1.872040e+02 -3.758548e+02 2.620000e+02
      vertex   -1.872595e+02 -3.758196e+02 2.636101e+02
    endloop
  endfacet
  facet normal -5.883240e-01 -8.086212e-01 -2.579888e-03
    outer loop
      vertex   -1.872595e+02 -3.758196e+02 2.636101e+02
      vertex   -1.872040e+02 -3.758548e+02 2.620000e+02
      vertex   -1.868608e+02 -3.761095e+02 2.635445e+02
    endloop
  endfacet
  facet normal -6.156469e-01 -7.879920e-01 6.892638e-03
    outer loop
      vertex   -1.868608e+02 -3.761095e+02 2.635445e+02
      vertex   -1.872040e+02 -3.758548e+02 2.620000e+02
      vertex   -1.866543e+02 -3.762843e+02 2.620000e+02
    endloop
  endfacet
  facet normal -6.637951e-01 -7.479033e-01 -4.081576e-03
    outer loop
      vertex   -1.868608e+02 -3.761095e+02 2.635445e+02
      vertex   -1.866543e+02 -3.762843e+02 2.620000e+02
      vertex   -1.864992e+02 -3.764301e+02 2.634883e+02
    endloop
  endfacet
  facet normal -7.193226e-01 -6.946417e-01 6.922705e-03
    outer loop
      vertex   -1.864992e+02 -3.764301e+02 2.634883e+02
      vertex   -1.866543e+02 -3.762843e+02 2.620000e+02
      vertex   -1.861698e+02 -3.767861e+02 2.620000e+02
    endloop
  endfacet
  facet normal -7.345990e-01 -6.785014e-01 -3.199923e-04
    outer loop
      vertex   -1.864992e+02 -3.764301e+02 2.634883e+02
      vertex   -1.861698e+02 -3.767861e+02 2.620000e+02
      vertex   -1.861728e+02 -3.767835e+02 2.634402e+02
    endloop
  endfacet
  facet normal -7.972628e-01 -6.036320e-01 -5.870595e-04
    outer loop
      vertex   -1.861728e+02 -3.767835e+02 2.634402e+02
      vertex   -1.861698e+02 -3.767861e+02 2.620000e+02
      vertex   -1.858748e+02 -3.771770e+02 2.633986e+02
    endloop
  endfacet
  facet normal -8.090008e-01 -5.877735e-01 6.321558e-03
    outer loop
      vertex   -1.858748e+02 -3.771770e+02 2.633986e+02
      vertex   -1.861698e+02 -3.767861e+02 2.620000e+02
      vertex   -1.857598e+02 -3.773504e+02 2.620000e+02
    endloop
  endfacet
  facet normal -8.522142e-01 -5.231668e-01 -5.242678e-03
    outer loop
      vertex   -1.858748e+02 -3.771770e+02 2.633986e+02
      vertex   -1.857598e+02 -3.773504e+02 2.620000e+02
      vertex   -1.856121e+02 -3.776046e+02 2.633636e+02
    endloop
  endfacet
  facet normal -8.829187e-01 -4.694562e-01 8.094509e-03
    outer loop
      vertex   -1.856121e+02 -3.776046e+02 2.633636e+02
      vertex   -1.857598e+02 -3.773504e+02 2.620000e+02
      vertex   -1.854323e+02 -3.779663e+02 2.620000e+02
    endloop
  endfacet
  facet normal -9.001975e-01 -4.354701e-01 -3.200079e-03
    outer loop
      vertex   -1.856121e+02 -3.776046e+02 2.633636e+02
      vertex   -1.854323e+02 -3.779663e+02 2.620000e+02
      vertex   -1.853918e+02 -3.780599e+02 2.633354e+02
    endloop
  endfacet
  facet normal -9.396829e-01 -3.420166e-01 4.544105e-03
    outer loop
      vertex   -1.853918e+02 -3.780599e+02 2.633354e+02
      vertex   -1.854323e+02 -3.779663e+02 2.620000e+02
      vertex   -1.851937e+02 -3.786218e+02 2.620000e+02
    endloop
  endfacet
  facet normal -9.405280e-01 -3.396988e-01 3.443429e-03
    outer loop
      vertex   -1.853918e+02 -3.780599e+02 2.633354e+02
      vertex   -1.851937e+02 -3.786218e+02 2.620000e+02
      vertex   -1.852198e+02 -3.785361e+02 2.633143e+02
    endloop
  endfacet
  facet normal -9.700329e-01 -2.429490e-01 -3.453936e-03
    outer loop
      vertex   -1.852198e+02 -3.785361e+02 2.633143e+02
      vertex   -1.851937e+02 -3.786218e+02 2.620000e+02
      vertex   -1.850975e+02 -3.790245e+02 2.632996e+02
    endloop
  endfacet
  facet normal -9.781163e-01 -2.079050e-01 8.002280e-03
    outer loop
      vertex   -1.850975e+02 -3.790245e+02 2.632996e+02
      vertex   -1.851937e+02 -3.786218e+02 2.620000e+02
      vertex   -1.850487e+02 -3.793041e+02 2.620000e+02
    endloop
  endfacet
  facet normal -9.890837e-01 -1.472536e-01 -5.461490e-03
    outer loop
      vertex   -1.850975e+02 -3.790245e+02 2.632996e+02
      vertex   -1.850487e+02 -3.793041e+02 2.620000e+02
      vertex   -1.850243e+02 -3.795156e+02 2.632911e+02
    endloop
  endfacet
  facet normal -9.975368e-01 -6.975457e-02 7.390194e-03
    outer loop
      vertex   -1.850243e+02 -3.795156e+02 2.632911e+02
      vertex   -1.850487e+02 -3.793041e+02 2.620000e+02
      vertex   -1.850000e+02 -3.800000e+02 2.620000e+02
    endloop
  endfacet
  facet normal -9.987433e-01 -5.011895e-02 6.352285e-19
    outer loop
      vertex   -1.850243e+02 -3.795156e+02 2.632911e+02
      vertex   -1.850000e+02 -3.800000e+02 2.620000e+02
      vertex   -1.850000e+02 -3.800000e+02 2.632883e+02
    endloop
  endfacet
  facet normal -9.987433e-01 5.011895e-02 0.000000e+00
    outer loop
      vertex   -1.850000e+02 -3.800000e+02 2.632883e+02
      vertex   -1.850000e+02 -3.800000e+02 2.620000e+02
      vertex   -1.850243e+02 -3.804844e+02 2.632911e+02
    endloop
  endfacet
  facet normal -9.975368e-01 6.975457e-02 7.390194e-03
    outer loop
      vertex   -1.850243e+02 -3.804844e+02 2.632911e+02
      vertex   -1.850000e+02 -3.800000e+02 2.620000e+02
      vertex   -1.850487e+02 -3.806959e+02 2.620000e+02
    endloop
  endfacet
  facet normal -9.890837e-01 1.472536e-01 -5.461490e-03
    outer loop
      vertex   -1.850243e+02 -3.804844e+02 2.632911e+02
      vertex   -1.850487e+02 -3.806959e+02 2.620000e+02
      vertex   -1.850975e+02 -3.809755e+02 2.632996e+02
    endloop
  endfacet
  facet normal -9.781163e-01 2.079050e-01 8.002280e-03
    outer loop
      vertex   -1.850975e+02 -3.809755e+02 2.632996e+02
      vertex   -1.850487e+02 -3.806959e+02 2.620000e+02
      vertex   -1.851937e+02 -3.813782e+02 2.620000e+02
    endloop
  endfacet
  facet normal -9.700329e-01 2.429490e-01 -3.453936e-03
    outer loop
      vertex   -1.850975e+02 -3.809755e+02 2.632996e+02
      vertex   -1.851937e+02 -3.813782e+02 2.620000e+02
      vertex   -1.852198e+02 -3.814639e+02 2.633143e+02
    endloop
  endfacet
  facet normal -9.405280e-01 3.396988e-01 3.443429e-03
    outer loop
      vertex   -1.852198e+02 -3.814639e+02 2.633143e+02
      vertex   -1.851937e+02 -3.813782e+02 2.620000e+02
      vertex   -1.853918e+02 -3.819401e+02 2.633354e+02
    endloop
  endfacet
  facet normal -9.396829e-01 3.420166e-01 4.544105e-03
    outer loop
      vertex   -1.853918e+02 -3.819401e+02 2.633354e+02
      vertex   -1.851937e+02 -3.813782e+02 2.620000e+02
      vertex   -1.854323e+02 -3.820337e+02 2.620000e+02
    endloop
  endfacet
  facet normal -9.001975e-01 4.354701e-01 -3.200079e-03
    outer loop
      vertex   -1.853918e+02 -3.819401e+02 2.633354e+02
      vertex   -1.854323e+02 -3.820337e+02 2.620000e+02
      vertex   -1.856121e+02 -3.823954e+02 2.633636e+02
    endloop
  endfacet
  facet normal -8.829187e-01 4.694562e-01 8.094509e-03
    outer loop
      vertex   -1.856121e+02 -3.823954e+02 2.633636e+02
      vertex   -1.854323e+02 -3.820337e+02 2.620000e+02
      vertex   -1.857598e+02 -3.826496e+02 2.620000e+02
    endloop
  endfacet
  facet normal -8.522142e-01 5.231668e-01 -5.242678e-03
    outer loop
      vertex   -1.856121e+02 -3.823954e+02 2.633636e+02
      vertex   -1.857598e+02 -3.826496e+02 2.620000e+02
      vertex   -1.858748e+02 -3.828230e+02 2.633986e+02
    endloop
  endfacet
  facet normal -8.090008e-01 5.877735e-01 6.321558e-03
    outer loop
      vertex   -1.858748e+02 -3.828230e+02 2.633986e+02
      vertex   -1.857598e+02 -3.826496e+02 2.620000e+02
      vertex   -1.861698e+02 -3.832139e+02 2.620000e+02
    endloop
  endfacet
  facet normal -7.972628e-01 6.036320e-01 -5.870595e-04
    outer loop
      vertex   -1.858748e+02 -3.828230e+02 2.633986e+02
      vertex   -1.861698e+02 -3.832139e+02 2.620000e+02
      vertex   -1.861728e+02 -3.832165e+02 2.634402e+02
    endloop
  endfacet
  facet normal -7.345990e-01 6.785014e-01 -3.199923e-04
    outer loop
      vertex   -1.861728e+02 -3.832165e+02 2.634402e+02
      vertex   -1.861698e+02 -3.832139e+02 2.620000e+02
      vertex   -1.864992e+02 -3.835699e+02 2.634883e+02
    endloop
  endfacet
  facet normal -7.193226e-01 6.946417e-01 6.922705e-03
    outer loop
      vertex   -1.864992e+02 -3.835699e+02 2.634883e+02
      vertex   -1.861698e+02 -3.832139e+02 2.620000e+02
      vertex   -1.866543e+02 -3.837157e+02 2.620000e+02
    endloop
  endfacet
  facet normal -6.637951e-01 7.479033e-01 -4.081576e-03
    outer loop
      vertex   -1.864992e+02 -3.835699e+02 2.634883e+02
      vertex   -1.866543e+02 -3.837157e+02 2.620000e+02
      vertex   -1.868608e+02 -3.838906e+02 2.635445e+02
    endloop
  endfacet
  facet normal -6.156469e-01 7.879920e-01 6.892638e-03
    outer loop
      vertex   -1.868608e+02 -3.838906e+02 2.635445e+02
      vertex   -1.866543e+02 -3.837157e+02 2.620000e+02
      vertex   -1.872040e+02 -3.841452e+02 2.620000e+02
    endloop
  endfacet
  facet normal -5.883240e-01 8.086212e-01 -2.579888e-03
    outer loop
      vertex   -1.868608e+02 -3.838906e+02 2.635445e+02
      vertex   -1.872040e+02 -3.841452e+02 2.620000e+02
      vertex   -1.872595e+02 -3.841804e+02 2.636101e+02
    endloop
  endfacet
  facet normal -5.069652e-01 8.619654e-01 1.391212e-03
    outer loop
      vertex   -1.872595e+02 -3.841804e+02 2.636101e+02
      vertex   -1.872040e+02 -3.841452e+02 2.620000e+02
      vertex   -1.876890e+02 -3.844332e+02 2.636850e+02
    endloop
  endfacet
  facet normal -4.999958e-01 8.660182e-01 4.089826e-03
    outer loop
      vertex   -1.876890e+02 -3.844332e+02 2.636850e+02
      vertex   -1.872040e+02 -3.841452e+02 2.620000e+02
      vertex   -1.878081e+02 -3.844940e+02 2.620000e+02
    endloop
  endfacet
  facet normal -4.189849e-01 9.079878e-01 -3.151752e-03
    outer loop
      vertex   -1.876890e+02 -3.844332e+02 2.636850e+02
      vertex   -1.878081e+02 -3.844940e+02 2.620000e+02
      vertex   -1.881430e+02 -3.846424e+02 2.637690e+02
    endloop
  endfacet
  facet normal -3.745978e-01 9.271620e-01 6.859029e-03
    outer loop
      vertex   -1.881430e+02 -3.846424e+02 2.637690e+02
      vertex   -1.878081e+02 -3.844940e+02 2.620000e+02
      vertex   -1.884549e+02 -3.847553e+02 2.620000e+02
    endloop
  endfacet
  facet normal -3.236612e-01 9.461672e-01 -3.335431e-03
    outer loop
      vertex   -1.881430e+02 -3.846424e+02 2.637690e+02
      vertex   -1.884549e+02 -3.847553e+02 2.620000e+02
      vertex   -1.886145e+02 -3.848033e+02 2.638617e+02
    endloop
  endfacet
  facet normal -2.419197e-01 9.702868e-01 4.293013e-03
    outer loop
      vertex   -1.886145e+02 -3.848033e+02 2.638617e+02
      vertex   -1.884549e+02 -3.847553e+02 2.620000e+02
      vertex   -1.891318e+02 -3.849240e+02 2.620000e+02
    endloop
  endfacet
  facet normal -2.283844e-01 9.735710e-01 3.192502e-04
    outer loop
      vertex   -1.886145e+02 -3.848033e+02 2.638617e+02
      vertex   -1.891318e+02 -3.849240e+02 2.620000e+02
      vertex   -1.890948e+02 -3.849160e+02 2.639616e+02
    endloop
  endfacet
  facet normal -1.349522e-01 9.908509e-01 -1.513795e-03
    outer loop
      vertex   -1.890948e+02 -3.849160e+02 2.639616e+02
      vertex   -1.891318e+02 -3.849240e+02 2.620000e+02
      vertex   -1.895749e+02 -3.849812e+02 2.640670e+02
    endloop
  endfacet
  facet normal -1.045271e-01 9.945089e-01 5.109669e-03
    outer loop
      vertex   -1.895749e+02 -3.849812e+02 2.640670e+02
      vertex   -1.891318e+02 -3.849240e+02 2.620000e+02
      vertex   -1.898255e+02 -3.849970e+02 2.620000e+02
    endloop
  endfacet
  facet normal -3.997261e-02 9.991970e-01 -2.753806e-03
    outer loop
      vertex   -1.895749e+02 -3.849812e+02 2.640670e+02
      vertex   -1.898255e+02 -3.849970e+02 2.620000e+02
      vertex   -1.900460e+02 -3.849998e+02 2.641759e+02
    endloop
  endfacet
  facet normal 3.489909e-02 9.993792e-01 4.832597e-03
    outer loop
      vertex   -1.900460e+02 -3.849998e+02 2.641759e+02
      vertex   -1.898255e+02 -3.849970e+02 2.620000e+02
      vertex   -1.905226e+02 -3.849726e+02 2.620000e+02
    endloop
  endfacet
  facet normal 5.805257e-02 9.983135e-01 -2.528690e-04
    outer loop
      vertex   -1.900460e+02 -3.849998e+02 2.641759e+02
      vertex   -1.905226e+02 -3.849726e+02 2.620000e+02
      vertex   -1.905176e+02 -3.849723e+02 2.642908e+02
    endloop
  endfacet
  facet normal 1.522953e-01 9.883349e-01 -4.582943e-04
    outer loop
      vertex   -1.905176e+02 -3.849723e+02 2.642908e+02
      vertex   -1.905226e+02 -3.849726e+02 2.620000e+02
      vertex   -1.909942e+02 -3.848988e+02 2.644125e+02
    endloop
  endfacet
  facet normal 1.736469e-01 9.848006e-01 3.822902e-03
    outer loop
      vertex   -1.909942e+02 -3.848988e+02 2.644125e+02
      vertex   -1.905226e+02 -3.849726e+02 2.620000e+02
      vertex   -1.912096e+02 -3.848515e+02 2.620000e+02
    endloop
  endfacet
  facet normal 2.446085e-01 9.696178e-01 -2.812033e-03
    outer loop
      vertex   -1.909942e+02 -3.848988e+02 2.644125e+02
      vertex   -1.912096e+02 -3.848515e+02 2.620000e+02
      vertex   -1.914674e+02 -3.847791e+02 2.645389e+02
    endloop
  endfacet
  facet normal 3.090142e-01 9.510479e-01 4.258175e-03
    outer loop
      vertex   -1.914674e+02 -3.847791e+02 2.645389e+02
      vertex   -1.912096e+02 -3.848515e+02 2.620000e+02
      vertex   -1.918730e+02 -3.846359e+02 2.620000e+02
    endloop
  endfacet
  facet normal 3.384927e-01 9.409685e-01 -1.019349e-03
    outer loop
      vertex   -1.914674e+02 -3.847791e+02 2.645389e+02
      vertex   -1.918730e+02 -3.846359e+02 2.620000e+02
      vertex   -1.919293e+02 -3.846128e+02 2.646677e+02
    endloop
  endfacet
  facet normal 4.322266e-01 9.017641e-01 1.296343e-03
    outer loop
      vertex   -1.919293e+02 -3.846128e+02 2.646677e+02
      vertex   -1.918730e+02 -3.846359e+02 2.620000e+02
      vertex   -1.923720e+02 -3.844008e+02 2.647965e+02
    endloop
  endfacet
  facet normal 4.383696e-01 8.987909e-01 2.642269e-03
    outer loop
      vertex   -1.923720e+02 -3.844008e+02 2.647965e+02
      vertex   -1.918730e+02 -3.846359e+02 2.620000e+02
      vertex   -1.925000e+02 -3.843301e+02 2.620000e+02
    endloop
  endfacet
  facet normal 5.174541e-01 8.557085e-01 -2.067589e-03
    outer loop
      vertex   -1.923720e+02 -3.844008e+02 2.647965e+02
      vertex   -1.925000e+02 -3.843301e+02 2.620000e+02
      vertex   -1.927896e+02 -3.841479e+02 2.649228e+02
    endloop
  endfacet
  facet normal 5.591890e-01 8.290318e-01 3.730495e-03
    outer loop
      vertex   -1.927896e+02 -3.841479e+02 2.649228e+02
      vertex   -1.925000e+02 -3.843301e+02 2.620000e+02
      vertex   -1.930783e+02 -3.839401e+02 2.620000e+02
    endloop
  endfacet
  facet normal 5.962990e-01 8.027604e-01 -1.803787e-03
    outer loop
      vertex   -1.927896e+02 -3.841479e+02 2.649228e+02
      vertex   -1.930783e+02 -3.839401e+02 2.620000e+02
      vertex   -1.931767e+02 -3.838601e+02 2.650438e+02
    endloop
  endfacet
  facet normal 6.691291e-01 7.431432e-01 2.116723e-03
    outer loop
      vertex   -1.931767e+02 -3.838601e+02 2.650438e+02
      vertex   -1.930783e+02 -3.839401e+02 2.620000e+02
      vertex   -1.935967e+02 -3.834733e+02 2.620000e+02
    endloop
  endfacet
  facet normal 6.703493e-01 7.420435e-01 1.808615e-03
    outer loop
      vertex   -1.931767e+02 -3.838601e+02 2.650438e+02
      vertex   -1.935967e+02 -3.834733e+02 2.620000e+02
      vertex   -1.935278e+02 -3.835432e+02 2.651570e+02
    endloop
  endfacet
  facet normal 7.389703e-01 6.737370e-01 -1.201103e-03
    outer loop
      vertex   -1.935278e+02 -3.835432e+02 2.651570e+02
      vertex   -1.935967e+02 -3.834733e+02 2.620000e+02
      vertex   -1.938459e+02 -3.831941e+02 2.652624e+02
    endloop
  endfacet
  facet normal 7.660397e-01 6.427836e-01 3.515362e-03
    outer loop
      vertex   -1.938459e+02 -3.831941e+02 2.652624e+02
      vertex   -1.935967e+02 -3.834733e+02 2.620000e+02
      vertex   -1.940451e+02 -3.829389e+02 2.620000e+02
    endloop
  endfacet
  facet normal 8.000157e-01 5.999760e-01 -1.907472e-03
    outer loop
      vertex   -1.938459e+02 -3.831941e+02 2.652624e+02
      vertex   -1.940451e+02 -3.829389e+02 2.620000e+02
      vertex   -1.941373e+02 -3.828052e+02 2.653615e+02
    endloop
  endfacet
  facet normal 8.480461e-01 5.299180e-01 2.196619e-03
    outer loop
      vertex   -1.941373e+02 -3.828052e+02 2.653615e+02
      vertex   -1.940451e+02 -3.829389e+02 2.620000e+02
      vertex   -1.944147e+02 -3.823474e+02 2.620000e+02
    endloop
  endfacet
  facet normal 8.539636e-01 5.203326e-01 4.025692e-04
    outer loop
      vertex   -1.941373e+02 -3.828052e+02 2.653615e+02
      vertex   -1.944147e+02 -3.823474e+02 2.620000e+02
      vertex   -1.943950e+02 -3.823824e+02 2.654509e+02
    endloop
  endfacet
  facet normal 9.011540e-01 4.334984e-01 -7.477973e-04
    outer loop
      vertex   -1.943950e+02 -3.823824e+02 2.654509e+02
      vertex   -1.944147e+02 -3.823474e+02 2.620000e+02
      vertex   -1.946119e+02 -3.819314e+02 2.655275e+02
    endloop
  endfacet
  facet normal 9.135411e-01 4.067347e-01 3.100051e-03
    outer loop
      vertex   -1.946119e+02 -3.819314e+02 2.655275e+02
      vertex   -1.944147e+02 -3.823474e+02 2.620000e+02
      vertex   -1.946985e+02 -3.817101e+02 2.620000e+02
    endloop
  endfacet
  facet normal 9.410198e-01 3.383465e-01 -1.865576e-03
    outer loop
      vertex   -1.946119e+02 -3.819314e+02 2.655275e+02
      vertex   -1.946985e+02 -3.817101e+02 2.620000e+02
      vertex   -1.947817e+02 -3.814589e+02 2.655884e+02
    endloop
  endfacet
  facet normal 9.612574e-01 2.756361e-01 2.994308e-03
    outer loop
      vertex   -1.947817e+02 -3.814589e+02 2.655884e+02
      vertex   -1.946985e+02 -3.817101e+02 2.620000e+02
      vertex   -1.948907e+02 -3.810396e+02 2.620000e+02
    endloop
  endfacet
  facet normal 9.701756e-01 2.424004e-01 -1.160294e-03
    outer loop
      vertex   -1.947817e+02 -3.814589e+02 2.655884e+02
      vertex   -1.948907e+02 -3.810396e+02 2.620000e+02
      vertex   -1.949030e+02 -3.809732e+02 2.656324e+02
    endloop
  endfacet
  facet normal 9.891289e-01 1.470496e-01 6.449194e-04
    outer loop
      vertex   -1.949030e+02 -3.809732e+02 2.656324e+02
      vertex   -1.948907e+02 -3.810396e+02 2.620000e+02
      vertex   -1.949757e+02 -3.804838e+02 2.656591e+02
    endloop
  endfacet
  facet normal 9.902663e-01 1.391729e-01 1.867643e-03
    outer loop
      vertex   -1.949757e+02 -3.804838e+02 2.656591e+02
      vertex   -1.948907e+02 -3.810396e+02 2.620000e+02
      vertex   -1.949878e+02 -3.803488e+02 2.620000e+02
    endloop
  endfacet
  facet normal -0.000000e+00 0.000000e+00 1.000000e+00
    outer loop
      vertex   -1.880468e+02 -3.804299e+02 2.620000e+02
      vertex   -1.850487e+02 -3.806959e+02 2.620000e+02
      vertex   -1.880000e+02 -3.800000e+02 2.620000e+02
    endloop
  endfacet
  facet normal -0.000000e+00 0.000000e+00 1.000000e+00
    outer loop
      vertex   -1.880000e+02 -3.800000e+02 2.620000e+02
      vertex   -1.850487e+02 -3.806959e+02 2.620000e+02
      vertex   -1.850000e+02 -3.800000e+02 2.620000e+02
    endloop
  endfacet
  facet normal 0.000000e+00 0.000000e+00 1.000000e+00
    outer loop
      vertex   -1.880000e+02 -3.800000e+02 2.620000e+02
      vertex   -1.850000e+02 -3.800000e+02 2.620000e+02
      vertex   -1.850487e+02 -3.793041e+02 2.620000e+02
    endloop
  endfacet
  facet normal 0.000000e+00 0.000000e+00 1.000000e+00
    outer loop
      vertex   -1.850487e+02 -3.806959e+02 2.620000e+02
      vertex   -1.880468e+02 -3.804299e+02 2.620000e+02
      vertex   -1.851937e+02 -3.813782e+02 2.620000e+02
    endloop
  endfacet
  facet normal 0.000000e+00 0.000000e+00 1.000000e+00
    outer loop
      vertex   -1.851937e+02 -3.813782e+02 2.620000e+02
      vertex   -1.880468e+02 -3.804299e+02 2.620000e+02
      vertex   -1.881849e+02 -3.808398e+02 2.620000e+02
    endloop
  endfacet
  facet normal 0.000000e+00 0.000000e+00 1.000000e+00
    outer loop
      vertex   -1.851937e+02 -3.813782e+02 2.620000e+02
      vertex   -1.881849e+02 -3.808398e+02 2.620000e+02
      vertex   -1.854323e+02 -3.820337e+02 2.620000e+02
    endloop
  endfacet
  facet normal 0.000000e+00 0.000000e+00 1.000000e+00
    outer loop
      vertex   -1.854323e+02 -3.820337e+02 2.620000e+02
      vertex   -1.881849e+02 -3.808398e+02 2.620000e+02
      vertex   -1.857598e+02 -3.826496e+02 2.620000e+02
    endloop
  endfacet
  facet normal 0.000000e+00 0.000000e+00 1.000000e+00
    outer loop
      vertex   -1.857598e+02 -3.826496e+02 2.620000e+02
      vertex   -1.881849e+02 -3.808398e+02 2.620000e+02
      vertex   -1.884078e+02 -3.812104e+02 2.620000e+02
    endloop
  endfacet
  facet normal 0.000000e+00 0.000000e+00 1.000000e+00
    outer loop
      vertex   -1.857598e+02 -3.826496e+02 2.620000e+02
      vertex   -1.884078e+02 -3.812104e+02 2.620000e+02
      vertex   -1.861698e+02 -3.832139e+02 2.620000e+02
    endloop
  endfacet
  facet normal 0.000000e+00 0.000000e+00 1.000000e+00
    outer loop
      vertex   -1.861698e+02 -3.832139e+02 2.620000e+02
      vertex   -1.884078e+02 -3.812104e+02 2.620000e+02
      vertex   -1.887052e+02 -3.815243e+02 2.620000e+02
    endloop
  endfacet
  facet normal 0.000000e+00 0.000000e+00 1.000000e+00
    outer loop
      vertex   -1.861698e+02 -3.832139e+02 2.620000e+02
      vertex   -1.887052e+02 -3.815243e+02 2.620000e+02
      vertex   -1.866543e+02 -3.837157e+02 2.620000e+02
    endloop
  endfacet
  facet normal 0.000000e+00 0.000000e+00 1.000000e+00
    outer loop
      vertex   -1.866543e+02 -3.837157e+02 2.620000e+02
      vertex   -1.887052e+02 -3.815243e+02 2.620000e+02
      vertex   -1.872040e+02 -3.841452e+02 2.620000e+02
    endloop
  endfacet
  facet normal 0.000000e+00 0.000000e+00 1.000000e+00
    outer loop
      vertex   -1.872040e+02 -3.841452e+02 2.620000e+02
      vertex   -1.887052e+02 -3.815243e+02 2.620000e+02
      vertex   -1.890632e+02 -3.817670e+02 2.620000e+02
    endloop
  endfacet
  facet normal 0.000000e+00 0.000000e+00 1.000000e+00
    outer loop
      vertex   -1.872040e+02 -3.841452e+02 2.620000e+02
      vertex   -1.890632e+02 -3.817670e+02 2.620000e+02
      vertex   -1.878081e+02 -3.844940e+02 2.620000e+02
    endloop
  endfacet
  facet normal 0.000000e+00 0.000000e+00 1.000000e+00
    outer loop
      vertex   -1.878081e+02 -3.844940e+02 2.620000e+02
      vertex   -1.890632e+02 -3.817670e+02 2.620000e+02
      vertex   -1.884549e+02 -3.847553e+02 2.620000e+02
    endloop
  endfacet
  facet normal 0.000000e+00 0.000000e+00 1.000000e+00
    outer loop
      vertex   -1.884549e+02 -3.847553e+02 2.620000e+02
      vertex   -1.890632e+02 -3.817670e+02 2.620000e+02
      vertex   -1.894649e+02 -3.819271e+02 2.620000e+02
    endloop
  endfacet
  facet normal 0.000000e+00 0.000000e+00 1.000000e+00
    outer loop
      vertex   -1.884549e+02 -3.847553e+02 2.620000e+02
      vertex   -1.894649e+02 -3.819271e+02 2.620000e+02
      vertex   -1.891318e+02 -3.849240e+02 2.620000e+02
    endloop
  endfacet
  facet normal 0.000000e+00 0.000000e+00 1.000000e+00
    outer loop
      vertex   -1.891318e+02 -3.849240e+02 2.620000e+02
      vertex   -1.894649e+02 -3.819271e+02 2.620000e+02
      vertex   -1.898917e+02 -3.819971e+02 2.620000e+02
    endloop
  endfacet
  facet normal 0.000000e+00 0.000000e+00 1.000000e+00
    outer loop
      vertex   -1.891318e+02 -3.849240e+02 2.620000e+02
      vertex   -1.898917e+02 -3.819971e+02 2.620000e+02
      vertex   -1.898255e+02 -3.849970e+02 2.620000e+02
    endloop
  endfacet
  facet normal 0.000000e+00 0.000000e+00 1.000000e+00
    outer loop
      vertex   -1.898255e+02 -3.849970e+02 2.620000e+02
      vertex   -1.898917e+02 -3.819971e+02 2.620000e+02
      vertex   -1.905226e+02 -3.849726e+02 2.620000e+02
    endloop
  endfacet
  facet normal 0.000000e+00 0.000000e+00 1.000000e+00
    outer loop
      vertex   -1.905226e+02 -3.849726e+02 2.620000e+02
      vertex   -1.898917e+02 -3.819971e+02 2.620000e+02
      vertex   -1.903236e+02 -3.819737e+02 2.620000e+02
    endloop
  endfacet
  facet normal 0.000000e+00 -0.000000e+00 1.000000e+00
    outer loop
      vertex   -1.905226e+02 -3.849726e+02 2.620000e+02
      vertex   -1.903236e+02 -3.819737e+02 2.620000e+02
      vertex   -1.912096e+02 -3.848515e+02 2.620000e+02
    endloop
  endfacet
  facet normal 0.000000e+00 0.000000e+00 1.000000e+00
    outer loop
      vertex   -1.912096e+02 -3.848515e+02 2.620000e+02
      vertex   -1.903236e+02 -3.819737e+02 2.620000e+02
      vertex   -1.907403e+02 -3.818580e+02 2.620000e+02
    endloop
  endfacet
  facet normal 0.000000e+00 -0.000000e+00 1.000000e+00
    outer loop
      vertex   -1.912096e+02 -3.848515e+02 2.620000e+02
      vertex   -1.907403e+02 -3.818580e+02 2.620000e+02
      vertex   -1.918730e+02 -3.846359e+02 2.620000e+02
    endloop
  endfacet
  facet normal 0.000000e+00 -0.000000e+00 1.000000e+00
    outer loop
      vertex   -1.918730e+02 -3.846359e+02 2.620000e+02
      vertex   -1.907403e+02 -3.818580e+02 2.620000e+02
      vertex   -1.925000e+02 -3.843301e+02 2.620000e+02
    endloop
  endfacet
  facet normal 0.000000e+00 0.000000e+00 1.000000e+00
    outer loop
      vertex   -1.925000e+02 -3.843301e+02 2.620000e+02
      vertex   -1.907403e+02 -3.818580e+02 2.620000e+02
      vertex   -1.911224e+02 -3.816554e+02 2.620000e+02
    endloop
  endfacet
  facet normal 0.000000e+00 -0.000000e+00 1.000000e+00
    outer loop
      vertex   -1.925000e+02 -3.843301e+02 2.620000e+02
      vertex   -1.911224e+02 -3.816554e+02 2.620000e+02
      vertex   -1.930783e+02 -3.839401e+02 2.620000e+02
    endloop
  endfacet
  facet normal 0.000000e+00 0.000000e+00 1.000000e+00
    outer loop
      vertex   -1.930783e+02 -3.839401e+02 2.620000e+02
      vertex   -1.911224e+02 -3.816554e+02 2.620000e+02
      vertex   -1.914520e+02 -3.813754e+02 2.620000e+02
    endloop
  endfacet
  facet normal 0.000000e+00 -0.000000e+00 1.000000e+00
    outer loop
      vertex   -1.930783e+02 -3.839401e+02 2.620000e+02
      vertex   -1.914520e+02 -3.813754e+02 2.620000e+02
      vertex   -1.935967e+02 -3.834733e+02 2.620000e+02
    endloop
  endfacet
  facet normal 0.000000e+00 -0.000000e+00 1.000000e+00
    outer loop
      vertex   -1.935967e+02 -3.834733e+02 2.620000e+02
      vertex   -1.914520e+02 -3.813754e+02 2.620000e+02
      vertex   -1.940451e+02 -3.829389e+02 2.620000e+02
    endloop
  endfacet
  facet normal 0.000000e+00 0.000000e+00 1.000000e+00
    outer loop
      vertex   -1.940451e+02 -3.829389e+02 2.620000e+02
      vertex   -1.914520e+02 -3.813754e+02 2.620000e+02
      vertex   -1.917137e+02 -3.810311e+02 2.620000e+02
    endloop
  endfacet
  facet normal 0.000000e+00 -0.000000e+00 1.000000e+00
    outer loop
      vertex   -1.940451e+02 -3.829389e+02 2.620000e+02
      vertex   -1.917137e+02 -3.810311e+02 2.620000e+02
      vertex   -1.944147e+02 -3.823474e+02 2.620000e+02
    endloop
  endfacet
  facet normal 0.000000e+00 0.000000e+00 1.000000e+00
    outer loop
      vertex   -1.944147e+02 -3.823474e+02 2.620000e+02
      vertex   -1.917137e+02 -3.810311e+02 2.620000e+02
      vertex   -1.918953e+02 -3.806386e+02 2.620000e+02
    endloop
  endfacet
  facet normal 0.000000e+00 -0.000000e+00 1.000000e+00
    outer loop
      vertex   -1.944147e+02 -3.823474e+02 2.620000e+02
      vertex   -1.918953e+02 -3.806386e+02 2.620000e+02
      vertex   -1.946985e+02 -3.817101e+02 2.620000e+02
    endloop
  endfacet
  facet normal 0.000000e+00 -0.000000e+00 1.000000e+00
    outer loop
      vertex   -1.946985e+02 -3.817101e+02 2.620000e+02
      vertex   -1.918953e+02 -3.806386e+02 2.620000e+02
      vertex   -1.948907e+02 -3.810396e+02 2.620000e+02
    endloop
  endfacet
  facet normal 0.000000e+00 0.000000e+00 1.000000e+00
    outer loop
      vertex   -1.948907e+02 -3.810396e+02 2.620000e+02
      vertex   -1.918953e+02 -3.806386e+02 2.620000e+02
      vertex   -1.919883e+02 -3.802162e+02 2.620000e+02
    endloop
  endfacet
  facet normal 0.000000e+00 -0.000000e+00 1.000000e+00
    outer loop
      vertex   -1.948907e+02 -3.810396e+02 2.620000e+02
      vertex   -1.919883e+02 -3.802162e+02 2.620000e+02
      vertex   -1.949878e+02 -3.803488e+02 2.620000e+02
    endloop
  endfacet
  facet normal 0.000000e+00 0.000000e+00 1.000000e+00
    outer loop
      vertex   -1.949878e+02 -3.803488e+02 2.620000e+02
      vertex   -1.919883e+02 -3.802162e+02 2.620000e+02
      vertex   -1.949878e+02 -3.796512e+02 2.620000e+02
    endloop
  endfacet
  facet normal 0.000000e+00 0.000000e+00 1.000000e+00
    outer loop
      vertex   -1.949878e+02 -3.796512e+02 2.620000e+02
      vertex   -1.919883e+02 -3.802162e+02 2.620000e+02
      vertex   -1.919883e+02 -3.797838e+02 2.620000e+02
    endloop
  endfacet
  facet normal -0.000000e+00 0.000000e+00 1.000000e+00
    outer loop
      vertex   -1.949878e+02 -3.796512e+02 2.620000e+02
      vertex   -1.919883e+02 -3.797838e+02 2.620000e+02
      vertex   -1.948907e+02 -3.789604e+02 2.620000e+02
    endloop
  endfacet
  facet normal 0.000000e+00 0.000000e+00 1.000000e+00
    outer loop
      vertex   -1.948907e+02 -3.789604e+02 2.620000e+02
      vertex   -1.919883e+02 -3.797838e+02 2.620000e+02
      vertex   -1.918953e+02 -3.793614e+02 2.620000e+02
    endloop
  endfacet
  facet normal -0.000000e+00 0.000000e+00 1.000000e+00
    outer loop
      vertex   -1.948907e+02 -3.789604e+02 2.620000e+02
      vertex   -1.918953e+02 -3.793614e+02 2.620000e+02
      vertex   -1.946985e+02 -3.782899e+02 2.620000e+02
    endloop
  endfacet
  facet normal -0.000000e+00 0.000000e+00 1.000000e+00
    outer loop
      vertex   -1.946985e+02 -3.782899e+02 2.620000e+02
      vertex   -1.918953e+02 -3.793614e+02 2.620000e+02
      vertex   -1.944147e+02 -3.776526e+02 2.620000e+02
    endloop
  endfacet
  facet normal 0.000000e+00 0.000000e+00 1.000000e+00
    outer loop
      vertex   -1.944147e+02 -3.776526e+02 2.620000e+02
      vertex   -1.918953e+02 -3.793614e+02 2.620000e+02
      vertex   -1.917137e+02 -3.789689e+02 2.620000e+02
    endloop
  endfacet
  facet normal -0.000000e+00 0.000000e+00 1.000000e+00
    outer loop
      vertex   -1.944147e+02 -3.776526e+02 2.620000e+02
      vertex   -1.917137e+02 -3.789689e+02 2.620000e+02
      vertex   -1.940451e+02 -3.770611e+02 2.620000e+02
    endloop
  endfacet
  facet normal 0.000000e+00 0.000000e+00 1.000000e+00
    outer loop
      vertex   -1.940451e+02 -3.770611e+02 2.620000e+02
      vertex   -1.917137e+02 -3.789689e+02 2.620000e+02
      vertex   -1.914520e+02 -3.786246e+02 2.620000e+02
    endloop
  endfacet
  facet normal -0.000000e+00 0.000000e+00 1.000000e+00
    outer loop
      vertex   -1.940451e+02 -3.770611e+02 2.620000e+02
      vertex   -1.914520e+02 -3.786246e+02 2.620000e+02
      vertex   -1.935967e+02 -3.765267e+02 2.620000e+02
    endloop
  endfacet
  facet normal -0.000000e+00 0.000000e+00 1.000000e+00
    outer loop
      vertex   -1.935967e+02 -3.765267e+02 2.620000e+02
      vertex   -1.914520e+02 -3.786246e+02 2.620000e+02
      vertex   -1.930783e+02 -3.760600e+02 2.620000e+02
    endloop
  endfacet
  facet normal 0.000000e+00 0.000000e+00 1.000000e+00
    outer loop
      vertex   -1.930783e+02 -3.760600e+02 2.620000e+02
      vertex   -1.914520e+02 -3.786246e+02 2.620000e+02
      vertex   -1.911224e+02 -3.783446e+02 2.620000e+02
    endloop
  endfacet
  facet normal -0.000000e+00 0.000000e+00 1.000000e+00
    outer loop
      vertex   -1.930783e+02 -3.760600e+02 2.620000e+02
      vertex   -1.911224e+02 -3.783446e+02 2.620000e+02
      vertex   -1.925000e+02 -3.756699e+02 2.620000e+02
    endloop
  endfacet
  facet normal 0.000000e+00 0.000000e+00 1.000000e+00
    outer loop
      vertex   -1.925000e+02 -3.756699e+02 2.620000e+02
      vertex   -1.911224e+02 -3.783446e+02 2.620000e+02
      vertex   -1.907403e+02 -3.781421e+02 2.620000e+02
    endloop
  endfacet
  facet normal -0.000000e+00 0.000000e+00 1.000000e+00
    outer loop
      vertex   -1.925000e+02 -3.756699e+02 2.620000e+02
      vertex   -1.907403e+02 -3.781421e+02 2.620000e+02
      vertex   -1.918730e+02 -3.753641e+02 2.620000e+02
    endloop
  endfacet
  facet normal -0.000000e+00 0.000000e+00 1.000000e+00
    outer loop
      vertex   -1.918730e+02 -3.753641e+02 2.620000e+02
      vertex   -1.907403e+02 -3.781421e+02 2.620000e+02
      vertex   -1.912096e+02 -3.751485e+02 2.620000e+02
    endloop
  endfacet
  facet normal 0.000000e+00 0.000000e+00 1.000000e+00
    outer loop
      vertex   -1.912096e+02 -3.751485e+02 2.620000e+02
      vertex   -1.907403e+02 -3.781421e+02 2.620000e+02
      vertex   -1.903236e+02 -3.780264e+02 2.620000e+02
    endloop
  endfacet
  facet normal -0.000000e+00 0.000000e+00 1.000000e+00
    outer loop
      vertex   -1.912096e+02 -3.751485e+02 2.620000e+02
      vertex   -1.903236e+02 -3.780264e+02 2.620000e+02
      vertex   -1.905226e+02 -3.750274e+02 2.620000e+02
    endloop
  endfacet
  facet normal 0.000000e+00 0.000000e+00 1.000000e+00
    outer loop
      vertex   -1.905226e+02 -3.750274e+02 2.620000e+02
      vertex   -1.903236e+02 -3.780264e+02 2.620000e+02
      vertex   -1.898917e+02 -3.780029e+02 2.620000e+02
    endloop
  endfacet
  facet normal -0.000000e+00 0.000000e+00 1.000000e+00
    outer loop
      vertex   -1.905226e+02 -3.750274e+02 2.620000e+02
      vertex   -1.898917e+02 -3.780029e+02 2.620000e+02
      vertex   -1.898255e+02 -3.750031e+02 2.620000e+02
    endloop
  endfacet
  facet normal 0.000000e+00 0.000000e+00 1.000000e+00
    outer loop
      vertex   -1.898255e+02 -3.750031e+02 2.620000e+02
      vertex   -1.898917e+02 -3.780029e+02 2.620000e+02
      vertex   -1.891318e+02 -3.750760e+02 2.620000e+02
    endloop
  endfacet
  facet normal 0.000000e+00 0.000000e+00 1.000000e+00
    outer loop
      vertex   -1.891318e+02 -3.750760e+02 2.620000e+02
      vertex   -1.898917e+02 -3.780029e+02 2.620000e+02
      vertex   -1.894649e+02 -3.780729e+02 2.620000e+02
    endloop
  endfacet
  facet normal 0.000000e+00 0.000000e+00 1.000000e+00
    outer loop
      vertex   -1.891318e+02 -3.750760e+02 2.620000e+02
      vertex   -1.894649e+02 -3.780729e+02 2.620000e+02
      vertex   -1.884549e+02 -3.752447e+02 2.620000e+02
    endloop
  endfacet
  facet normal 0.000000e+00 0.000000e+00 1.000000e+00
    outer loop
      vertex   -1.884549e+02 -3.752447e+02 2.620000e+02
      vertex   -1.894649e+02 -3.780729e+02 2.620000e+02
      vertex   -1.890632e+02 -3.782330e+02 2.620000e+02
    endloop
  endfacet
  facet normal 0.000000e+00 0.000000e+00 1.000000e+00
    outer loop
      vertex   -1.884549e+02 -3.752447e+02 2.620000e+02
      vertex   -1.890632e+02 -3.782330e+02 2.620000e+02
      vertex   -1.878081e+02 -3.755060e+02 2.620000e+02
    endloop
  endfacet
  facet normal 0.000000e+00 0.000000e+00 1.000000e+00
    outer loop
      vertex   -1.878081e+02 -3.755060e+02 2.620000e+02
      vertex   -1.890632e+02 -3.782330e+02 2.620000e+02
      vertex   -1.872040e+02 -3.758548e+02 2.620000e+02
    endloop
  endfacet
  facet normal 0.000000e+00 0.000000e+00 1.000000e+00
    outer loop
      vertex   -1.872040e+02 -3.758548e+02 2.620000e+02
      vertex   -1.890632e+02 -3.782330e+02 2.620000e+02
      vertex   -1.887052e+02 -3.784757e+02 2.620000e+02
    endloop
  endfacet
  facet normal 0.000000e+00 0.000000e+00 1.000000e+00
    outer loop
      vertex   -1.872040e+02 -3.758548e+02 2.620000e+02
      vertex   -1.887052e+02 -3.784757e+02 2.620000e+02
      vertex   -1.866543e+02 -3.762843e+02 2.620000e+02
    endloop
  endfacet
  facet normal 0.000000e+00 0.000000e+00 1.000000e+00
    outer loop
      vertex   -1.866543e+02 -3.762843e+02 2.620000e+02
      vertex   -1.887052e+02 -3.784757e+02 2.620000e+02
      vertex   -1.861698e+02 -3.767861e+02 2.620000e+02
    endloop
  endfacet
  facet normal 0.000000e+00 0.000000e+00 1.000000e+00
    outer loop
      vertex   -1.861698e+02 -3.767861e+02 2.620000e+02
      vertex   -1.887052e+02 -3.784757e+02 2.620000e+02
      vertex   -1.884078e+02 -3.787897e+02 2.620000e+02
    endloop
  endfacet
  facet normal 0.000000e+00 0.000000e+00 1.000000e+00
    outer loop
      vertex   -1.861698e+02 -3.767861e+02 2.620000e+02
      vertex   -1.884078e+02 -3.787897e+02 2.620000e+02
      vertex   -1.857598e+02 -3.773504e+02 2.620000e+02
    endloop
  endfacet
  facet normal 0.000000e+00 0.000000e+00 1.000000e+00
    outer loop
      vertex   -1.857598e+02 -3.773504e+02 2.620000e+02
      vertex   -1.884078e+02 -3.787897e+02 2.620000e+02
      vertex   -1.881849e+02 -3.791602e+02 2.620000e+02
    endloop
  endfacet
  facet normal 0.000000e+00 0.000000e+00 1.000000e+00
    outer loop
      vertex   -1.857598e+02 -3.773504e+02 2.620000e+02
      vertex   -1.881849e+02 -3.791602e+02 2.620000e+02
      vertex   -1.854323e+02 -3.779663e+02 2.620000e+02
    endloop
  endfacet
  facet normal 0.000000e+00 0.000000e+00 1.000000e+00
    outer loop
      vertex   -1.854323e+02 -3.779663e+02 2.620000e+02
      vertex   -1.881849e+02 -3.791602e+02 2.620000e+02
      vertex   -1.851937e+02 -3.786218e+02 2.620000e+02
    endloop
  endfacet
  facet normal 0.000000e+00 0.000000e+00 1.000000e+00
    outer loop
      vertex   -1.851937e+02 -3.786218e+02 2.620000e+02
      vertex   -1.881849e+02 -3.791602e+02 2.620000e+02
      vertex   -1.880468e+02 -3.795701e+02 2.620000e+02
    endloop
  endfacet
  facet normal 0.000000e+00 0.000000e+00 1.000000e+00
    outer loop
      vertex   -1.851937e+02 -3.786218e+02 2.620000e+02
      vertex   -1.880468e+02 -3.795701e+02 2.620000e+02
      vertex   -1.850487e+02 -3.793041e+02 2.620000e+02
    endloop
  endfacet
  facet normal 0.000000e+00 0.000000e+00 1.000000e+00
    outer loop
      vertex   -1.850487e+02 -3.793041e+02 2.620000e+02
      vertex   -1.880468e+02 -3.795701e+02 2.620000e+02
      vertex   -1.880000e+02 -3.800000e+02 2.620000e+02
    endloop
  endfacet
  facet normal -9.941380e-01 -1.081190e-01 -0.000000e+00
    outer loop
      vertex   -1.880468e+02 -3.795701e+02 2.620000e+02
      vertex   -1.880468e+02 -3.795701e+02 2.600000e+02
      vertex   -1.880000e+02 -3.800000e+02 2.620000e+02
    endloop
  endfacet
  facet normal -9.941380e-01 -1.081190e-01 -0.000000e+00
    outer loop
      vertex   -1.880000e+02 -3.800000e+02 2.620000e+02
      vertex   -1.880468e+02 -3.795701e+02 2.600000e+02
      vertex   -1.880000e+02 -3.800000e+02 2.600000e+02
    endloop
  endfacet
  facet normal -9.941380e-01 1.081190e-01 0.000000e+00
    outer loop
      vertex   -1.880000e+02 -3.800000e+02 2.620000e+02
      vertex   -1.880000e+02 -3.800000e+02 2.600000e+02
      vertex   -1.880468e+02 -3.804299e+02 2.620000e+02
    endloop
  endfacet
  facet normal -9.941380e-01 1.081190e-01 0.000000e+00
    outer loop
      vertex   -1.880468e+02 -3.804299e+02 2.620000e+02
      vertex   -1.880000e+02 -3.800000e+02 2.600000e+02
      vertex   -1.880468e+02 -3.804299e+02 2.600000e+02
    endloop
  endfacet
  facet normal -9.476532e-01 3.193015e-01 0.000000e+00
    outer loop
      vertex   -1.880468e+02 -3.804299e+02 2.620000e+02
      vertex   -1.880468e+02 -3.804299e+02 2.600000e+02
      vertex   -1.881849e+02 -3.808398e+02 2.620000e+02
    endloop
  endfacet
  facet normal -9.476532e-01 3.193015e-01 0.000000e+00
    outer loop
      vertex   -1.881849e+02 -3.808398e+02 2.620000e+02
      vertex   -1.880468e+02 -3.804299e+02 2.600000e+02
      vertex   -1.881849e+02 -3.808398e+02 2.600000e+02
    endloop
  endfacet
  facet normal -8.568572e-01 5.155539e-01 0.000000e+00
    outer loop
      vertex   -1.881849e+02 -3.808398e+02 2.620000e+02
      vertex   -1.881849e+02 -3.808398e+02 2.600000e+02
      vertex   -1.884078e+02 -3.812104e+02 2.620000e+02
    endloop
  endfacet
  facet normal -8.568572e-01 5.155539e-01 0.000000e+00
    outer loop
      vertex   -1.884078e+02 -3.812104e+02 2.620000e+02
      vertex   -1.881849e+02 -3.808398e+02 2.600000e+02
      vertex   -1.884078e+02 -3.812104e+02 2.600000e+02
    endloop
  endfacet
  facet normal -7.259955e-01 6.876995e-01 0.000000e+00
    outer loop
      vertex   -1.884078e+02 -3.812104e+02 2.620000e+02
      vertex   -1.884078e+02 -3.812104e+02 2.600000e+02
      vertex   -1.887052e+02 -3.815243e+02 2.620000e+02
    endloop
  endfacet
  facet normal -7.259955e-01 6.876995e-01 0.000000e+00
    outer loop
      vertex   -1.887052e+02 -3.815243e+02 2.620000e+02
      vertex   -1.884078e+02 -3.812104e+02 2.600000e+02
      vertex   -1.887052e+02 -3.815243e+02 2.600000e+02
    endloop
  endfacet
  facet normal -5.611871e-01 8.276890e-01 0.000000e+00
    outer loop
      vertex   -1.887052e+02 -3.815243e+02 2.620000e+02
      vertex   -1.887052e+02 -3.815243e+02 2.600000e+02
      vertex   -1.890632e+02 -3.817670e+02 2.620000e+02
    endloop
  endfacet
  facet normal -5.611871e-01 8.276890e-01 0.000000e+00
    outer loop
      vertex   -1.890632e+02 -3.817670e+02 2.620000e+02
      vertex   -1.887052e+02 -3.815243e+02 2.600000e+02
      vertex   -1.890632e+02 -3.817670e+02 2.600000e+02
    endloop
  endfacet
  facet normal -3.701382e-01 9.289767e-01 0.000000e+00
    outer loop
      vertex   -1.890632e+02 -3.817670e+02 2.620000e+02
      vertex   -1.890632e+02 -3.817670e+02 2.600000e+02
      vertex   -1.894649e+02 -3.819271e+02 2.620000e+02
    endloop
  endfacet
  facet normal -3.701382e-01 9.289767e-01 0.000000e+00
    outer loop
      vertex   -1.894649e+02 -3.819271e+02 2.620000e+02
      vertex   -1.890632e+02 -3.817670e+02 2.600000e+02
      vertex   -1.894649e+02 -3.819271e+02 2.600000e+02
    endloop
  endfacet
  facet normal -1.617820e-01 9.868265e-01 0.000000e+00
    outer loop
      vertex   -1.894649e+02 -3.819271e+02 2.620000e+02
      vertex   -1.894649e+02 -3.819271e+02 2.600000e+02
      vertex   -1.898917e+02 -3.819971e+02 2.620000e+02
    endloop
  endfacet
  facet normal -1.617820e-01 9.868265e-01 0.000000e+00
    outer loop
      vertex   -1.898917e+02 -3.819971e+02 2.620000e+02
      vertex   -1.894649e+02 -3.819271e+02 2.600000e+02
      vertex   -1.898917e+02 -3.819971e+02 2.600000e+02
    endloop
  endfacet
  facet normal 5.413891e-02 9.985334e-01 0.000000e+00
    outer loop
      vertex   -1.898917e+02 -3.819971e+02 2.620000e+02
      vertex   -1.898917e+02 -3.819971e+02 2.600000e+02
      vertex   -1.903236e+02 -3.819737e+02 2.620000e+02
    endloop
  endfacet
  facet normal 5.413891e-02 9.985334e-01 0.000000e+00
    outer loop
      vertex   -1.903236e+02 -3.819737e+02 2.620000e+02
      vertex   -1.898917e+02 -3.819971e+02 2.600000e+02
      vertex   -1.903236e+02 -3.819737e+02 2.600000e+02
    endloop
  endfacet
  facet normal 2.675283e-01 9.635500e-01 0.000000e+00
    outer loop
      vertex   -1.903236e+02 -3.819737e+02 2.620000e+02
      vertex   -1.903236e+02 -3.819737e+02 2.600000e+02
      vertex   -1.907403e+02 -3.818580e+02 2.620000e+02
    endloop
  endfacet
  facet normal 2.675283e-01 9.635500e-01 0.000000e+00
    outer loop
      vertex   -1.907403e+02 -3.818580e+02 2.620000e+02
      vertex   -1.903236e+02 -3.819737e+02 2.600000e+02
      vertex   -1.907403e+02 -3.818580e+02 2.600000e+02
    endloop
  endfacet
  facet normal 4.684084e-01 8.835120e-01 0.000000e+00
    outer loop
      vertex   -1.907403e+02 -3.818580e+02 2.620000e+02
      vertex   -1.907403e+02 -3.818580e+02 2.600000e+02
      vertex   -1.911224e+02 -3.816554e+02 2.620000e+02
    endloop
  endfacet
  facet normal 4.684084e-01 8.835120e-01 0.000000e+00
    outer loop
      vertex   -1.911224e+02 -3.816554e+02 2.620000e+02
      vertex   -1.907403e+02 -3.818580e+02 2.600000e+02
      vertex   -1.911224e+02 -3.816554e+02 2.600000e+02
    endloop
  endfacet
  facet normal 6.473863e-01 7.621621e-01 0.000000e+00
    outer loop
      vertex   -1.911224e+02 -3.816554e+02 2.620000e+02
      vertex   -1.911224e+02 -3.816554e+02 2.600000e+02
      vertex   -1.914520e+02 -3.813754e+02 2.620000e+02
    endloop
  endfacet
  facet normal 6.473863e-01 7.621621e-01 0.000000e+00
    outer loop
      vertex   -1.914520e+02 -3.813754e+02 2.620000e+02
      vertex   -1.911224e+02 -3.816554e+02 2.600000e+02
      vertex   -1.914520e+02 -3.813754e+02 2.600000e+02
    endloop
  endfacet
  facet normal 7.960931e-01 6.051742e-01 0.000000e+00
    outer loop
      vertex   -1.914520e+02 -3.813754e+02 2.620000e+02
      vertex   -1.914520e+02 -3.813754e+02 2.600000e+02
      vertex   -1.917137e+02 -3.810311e+02 2.620000e+02
    endloop
  endfacet
  facet normal 7.960931e-01 6.051742e-01 0.000000e+00
    outer loop
      vertex   -1.917137e+02 -3.810311e+02 2.620000e+02
      vertex   -1.914520e+02 -3.813754e+02 2.600000e+02
      vertex   -1.917137e+02 -3.810311e+02 2.600000e+02
    endloop
  endfacet
  facet normal 9.075754e-01 4.198891e-01 0.000000e+00
    outer loop
      vertex   -1.917137e+02 -3.810311e+02 2.620000e+02
      vertex   -1.917137e+02 -3.810311e+02 2.600000e+02
      vertex   -1.918953e+02 -3.806386e+02 2.620000e+02
    endloop
  endfacet
  facet normal 9.075754e-01 4.198891e-01 0.000000e+00
    outer loop
      vertex   -1.918953e+02 -3.806386e+02 2.620000e+02
      vertex   -1.917137e+02 -3.810311e+02 2.600000e+02
      vertex   -1.918953e+02 -3.806386e+02 2.600000e+02
    endloop
  endfacet
  facet normal 9.766206e-01 2.149704e-01 0.000000e+00
    outer loop
      vertex   -1.918953e+02 -3.806386e+02 2.620000e+02
      vertex   -1.918953e+02 -3.806386e+02 2.600000e+02
      vertex   -1.919883e+02 -3.802162e+02 2.620000e+02
    endloop
  endfacet
  facet normal 9.766206e-01 2.149704e-01 0.000000e+00
    outer loop
      vertex   -1.919883e+02 -3.802162e+02 2.620000e+02
      vertex   -1.918953e+02 -3.806386e+02 2.600000e+02
      vertex   -1.919883e+02 -3.802162e+02 2.600000e+02
    endloop
  endfacet
  facet normal 1.000000e+00 -0.000000e+00 0.000000e+00
    outer loop
      vertex   -1.919883e+02 -3.802162e+02 2.620000e+02
      vertex   -1.919883e+02 -3.802162e+02 2.600000e+02
      vertex   -1.919883e+02 -3.797838e+02 2.620000e+02
    endloop
  endfacet
  facet normal 1.000000e+00 0.000000e+00 0.000000e+00
    outer loop
      vertex   -1.919883e+02 -3.797838e+02 2.620000e+02
      vertex   -1.919883e+02 -3.802162e+02 2.600000e+02
      vertex   -1.919883e+02 -3.797838e+02 2.600000e+02
    endloop
  endfacet
  facet normal 9.766206e-01 -2.149704e-01 0.000000e+00
    outer loop
      vertex   -1.919883e+02 -3.797838e+02 2.620000e+02
      vertex   -1.919883e+02 -3.797838e+02 2.600000e+02
      vertex   -1.918953e+02 -3.793614e+02 2.620000e+02
    endloop
  endfacet
  facet normal 9.766206e-01 -2.149704e-01 0.000000e+00
    outer loop
      vertex   -1.918953e+02 -3.793614e+02 2.620000e+02
      vertex   -1.919883e+02 -3.797838e+02 2.600000e+02
      vertex   -1.918953e+02 -3.793614e+02 2.600000e+02
    endloop
  endfacet
  facet normal 9.075754e-01 -4.198891e-01 0.000000e+00
    outer loop
      vertex   -1.918953e+02 -3.793614e+02 2.620000e+02
      vertex   -1.918953e+02 -3.793614e+02 2.600000e+02
      vertex   -1.917137e+02 -3.789689e+02 2.620000e+02
    endloop
  endfacet
  facet normal 9.075754e-01 -4.198891e-01 0.000000e+00
    outer loop
      vertex   -1.917137e+02 -3.789689e+02 2.620000e+02
      vertex   -1.918953e+02 -3.793614e+02 2.600000e+02
      vertex   -1.917137e+02 -3.789689e+02 2.600000e+02
    endloop
  endfacet
  facet normal 7.960931e-01 -6.051742e-01 0.000000e+00
    outer loop
      vertex   -1.917137e+02 -3.789689e+02 2.620000e+02
      vertex   -1.917137e+02 -3.789689e+02 2.600000e+02
      vertex   -1.914520e+02 -3.786246e+02 2.620000e+02
    endloop
  endfacet
  facet normal 7.960931e-01 -6.051742e-01 0.000000e+00
    outer loop
      vertex   -1.914520e+02 -3.786246e+02 2.620000e+02
      vertex   -1.917137e+02 -3.789689e+02 2.600000e+02
      vertex   -1.914520e+02 -3.786246e+02 2.600000e+02
    endloop
  endfacet
  facet normal 6.473863e-01 -7.621621e-01 0.000000e+00
    outer loop
      vertex   -1.914520e+02 -3.786246e+02 2.620000e+02
      vertex   -1.914520e+02 -3.786246e+02 2.600000e+02
      vertex   -1.911224e+02 -3.783446e+02 2.620000e+02
    endloop
  endfacet
  facet normal 6.473863e-01 -7.621621e-01 0.000000e+00
    outer loop
      vertex   -1.911224e+02 -3.783446e+02 2.620000e+02
      vertex   -1.914520e+02 -3.786246e+02 2.600000e+02
      vertex   -1.911224e+02 -3.783446e+02 2.600000e+02
    endloop
  endfacet
  facet normal 4.684084e-01 -8.835120e-01 0.000000e+00
    outer loop
      vertex   -1.911224e+02 -3.783446e+02 2.620000e+02
      vertex   -1.911224e+02 -3.783446e+02 2.600000e+02
      vertex   -1.907403e+02 -3.781421e+02 2.620000e+02
    endloop
  endfacet
  facet normal 4.684084e-01 -8.835120e-01 0.000000e+00
    outer loop
      vertex   -1.907403e+02 -3.781421e+02 2.620000e+02
      vertex   -1.911224e+02 -3.783446e+02 2.600000e+02
      vertex   -1.907403e+02 -3.781421e+02 2.600000e+02
    endloop
  endfacet
  facet normal 2.675283e-01 -9.635500e-01 0.000000e+00
    outer loop
      vertex   -1.907403e+02 -3.781421e+02 2.620000e+02
      vertex   -1.907403e+02 -3.781421e+02 2.600000e+02
      vertex   -1.903236e+02 -3.780264e+02 2.620000e+02
    endloop
  endfacet
  facet normal 2.675283e-01 -9.635500e-01 0.000000e+00
    outer loop
      vertex   -1.903236e+02 -3.780264e+02 2.620000e+02
      vertex   -1.907403e+02 -3.781421e+02 2.600000e+02
      vertex   -1.903236e+02 -3.780264e+02 2.600000e+02
    endloop
  endfacet
  facet normal 5.413891e-02 -9.985334e-01 0.000000e+00
    outer loop
      vertex   -1.903236e+02 -3.780264e+02 2.620000e+02
      vertex   -1.903236e+02 -3.780264e+02 2.600000e+02
      vertex   -1.898917e+02 -3.780029e+02 2.620000e+02
    endloop
  endfacet
  facet normal 5.413891e-02 -9.985334e-01 0.000000e+00
    outer loop
      vertex   -1.898917e+02 -3.780029e+02 2.620000e+02
      vertex   -1.903236e+02 -3.780264e+02 2.600000e+02
      vertex   -1.898917e+02 -3.780029e+02 2.600000e+02
    endloop
  endfacet
  facet normal -1.617820e-01 -9.868265e-01 -0.000000e+00
    outer loop
      vertex   -1.898917e+02 -3.780029e+02 2.620000e+02
      vertex   -1.898917e+02 -3.780029e+02 2.600000e+02
      vertex   -1.894649e+02 -3.780729e+02 2.620000e+02
    endloop
  endfacet
  facet normal -1.617820e-01 -9.868265e-01 -0.000000e+00
    outer loop
      vertex   -1.894649e+02 -3.780729e+02 2.620000e+02
      vertex   -1.898917e+02 -3.780029e+02 2.600000e+02
      vertex   -1.894649e+02 -3.780729e+02 2.600000e+02
    endloop
  endfacet
  facet normal -3.701382e-01 -9.289767e-01 -0.000000e+00
    outer loop
      vertex   -1.894649e+02 -3.780729e+02 2.620000e+02
      vertex   -1.894649e+02 -3.780729e+02 2.600000e+02
      vertex   -1.890632e+02 -3.782330e+02 2.620000e+02
    endloop
  endfacet
  facet normal -3.701382e-01 -9.289767e-01 -0.000000e+00
    outer loop
      vertex   -1.890632e+02 -3.782330e+02 2.620000e+02
      vertex   -1.894649e+02 -3.780729e+02 2.600000e+02
      vertex   -1.890632e+02 -3.782330e+02 2.600000e+02
    endloop
  endfacet
  facet normal -5.611871e-01 -8.276890e-01 -0.000000e+00
    outer loop
      vertex   -1.890632e+02 -3.782330e+02 2.620000e+02
      vertex   -1.890632e+02 -3.782330e+02 2.600000e+02
      vertex   -1.887052e+02 -3.784757e+02 2.620000e+02
    endloop
  endfacet
  facet normal -5.611871e-01 -8.276890e-01 -0.000000e+00
    outer loop
      vertex   -1.887052e+02 -3.784757e+02 2.620000e+02
      vertex   -1.890632e+02 -3.782330e+02 2.600000e+02
      vertex   -1.887052e+02 -3.784757e+02 2.600000e+02
    endloop
  endfacet
  facet normal -7.259955e-01 -6.876995e-01 -0.000000e+00
    outer loop
      vertex   -1.887052e+02 -3.784757e+02 2.620000e+02
      vertex   -1.887052e+02 -3.784757e+02 2.600000e+02
      vertex   -1.884078e+02 -3.787897e+02 2.620000e+02
    endloop
  endfacet
  facet normal -7.259955e-01 -6.876995e-01 -0.000000e+00
    outer loop
      vertex   -1.884078e+02 -3.787897e+02 2.620000e+02
      vertex   -1.887052e+02 -3.784757e+02 2.600000e+02
      vertex   -1.884078e+02 -3.787897e+02 2.600000e+02
    endloop
  endfacet
  facet normal -8.568572e-01 -5.155539e-01 -0.000000e+00
    outer loop
      vertex   -1.884078e+02 -3.787897e+02 2.620000e+02
      vertex   -1.884078e+02 -3.787897e+02 2.600000e+02
      vertex   -1.881849e+02 -3.791602e+02 2.620000e+02
    endloop
  endfacet
  facet normal -8.568572e-01 -5.155539e-01 -0.000000e+00
    outer loop
      vertex   -1.881849e+02 -3.791602e+02 2.620000e+02
      vertex   -1.884078e+02 -3.787897e+02 2.600000e+02
      vertex   -1.881849e+02 -3.791602e+02 2.600000e+02
    endloop
  endfacet
  facet normal -9.476532e-01 -3.193015e-01 -0.000000e+00
    outer loop
      vertex   -1.881849e+02 -3.791602e+02 2.620000e+02
      vertex   -1.881849e+02 -3.791602e+02 2.600000e+02
      vertex   -1.880468e+02 -3.795701e+02 2.620000e+02
    endloop
  endfacet
  facet normal -9.476532e-01 -3.193015e-01 -0.000000e+00
    outer loop
      vertex   -1.880468e+02 -3.795701e+02 2.620000e+02
      vertex   -1.881849e+02 -3.791602e+02 2.600000e+02
      vertex   -1.880468e+02 -3.795701e+02 2.600000e+02
    endloop
  endfacet
  facet normal -9.941380e-01 -1.081190e-01 -0.000000e+00
    outer loop
      vertex   -1.680468e+02 -3.795701e+02 2.620000e+02
      vertex   -1.680468e+02 -3.795701e+02 2.600000e+02
      vertex   -1.680000e+02 -3.800000e+02 2.620000e+02
    endloop
  endfacet
  facet normal -9.941380e-01 -1.081190e-01 -0.000000e+00
    outer loop
      vertex   -1.680000e+02 -3.800000e+02 2.620000e+02
      vertex   -1.680468e+02 -3.795701e+02 2.600000e+02
      vertex   -1.680000e+02 -3.800000e+02 2.600000e+02
    endloop
  endfacet
  facet normal -9.941380e-01 1.081190e-01 0.000000e+00
    outer loop
      vertex   -1.680000e+02 -3.800000e+02 2.620000e+02
      vertex   -1.680000e+02 -3.800000e+02 2.600000e+02
      vertex   -1.680468e+02 -3.804299e+02 2.620000e+02
    endloop
  endfacet
  facet normal -9.941380e-01 1.081190e-01 0.000000e+00
    outer loop
      vertex   -1.680468e+02 -3.804299e+02 2.620000e+02
      vertex   -1.680000e+02 -3.800000e+02 2.600000e+02
      vertex   -1.680468e+02 -3.804299e+02 2.600000e+02
    endloop
  endfacet
  facet normal -9.476532e-01 3.193015e-01 0.000000e+00
    outer loop
      vertex   -1.680468e+02 -3.804299e+02 2.620000e+02
      vertex   -1.680468e+02 -3.804299e+02 2.600000e+02
      vertex   -1.681849e+02 -3.808398e+02 2.620000e+02
    endloop
  endfacet
  facet normal -9.476532e-01 3.193015e-01 0.000000e+00
    outer loop
      vertex   -1.681849e+02 -3.808398e+02 2.620000e+02
      vertex   -1.680468e+02 -3.804299e+02 2.600000e+02
      vertex   -1.681849e+02 -3.808398e+02 2.600000e+02
    endloop
  endfacet
  facet normal -8.568572e-01 5.155539e-01 0.000000e+00
    outer loop
      vertex   -1.681849e+02 -3.808398e+02 2.620000e+02
      vertex   -1.681849e+02 -3.808398e+02 2.600000e+02
      vertex   -1.684078e+02 -3.812104e+02 2.620000e+02
    endloop
  endfacet
  facet normal -8.568572e-01 5.155539e-01 0.000000e+00
    outer loop
      vertex   -1.684078e+02 -3.812104e+02 2.620000e+02
      vertex   -1.681849e+02 -3.808398e+02 2.600000e+02
      vertex   -1.684078e+02 -3.812104e+02 2.600000e+02
    endloop
  endfacet
  facet normal -7.259955e-01 6.876995e-01 0.000000e+00
    outer loop
      vertex   -1.684078e+02 -3.812104e+02 2.620000e+02
      vertex   -1.684078e+02 -3.812104e+02 2.600000e+02
      vertex   -1.687052e+02 -3.815243e+02 2.620000e+02
    endloop
  endfacet
  facet normal -7.259955e-01 6.876995e-01 0.000000e+00
    outer loop
      vertex   -1.687052e+02 -3.815243e+02 2.620000e+02
      vertex   -1.684078e+02 -3.812104e+02 2.600000e+02
      vertex   -1.687052e+02 -3.815243e+02 2.600000e+02
    endloop
  endfacet
  facet normal -5.611871e-01 8.276890e-01 0.000000e+00
    outer loop
      vertex   -1.687052e+02 -3.815243e+02 2.620000e+02
      vertex   -1.687052e+02 -3.815243e+02 2.600000e+02
      vertex   -1.690632e+02 -3.817670e+02 2.620000e+02
    endloop
  endfacet
  facet normal -5.611871e-01 8.276890e-01 0.000000e+00
    outer loop
      vertex   -1.690632e+02 -3.817670e+02 2.620000e+02
      vertex   -1.687052e+02 -3.815243e+02 2.600000e+02
      vertex   -1.690632e+02 -3.817670e+02 2.600000e+02
    endloop
  endfacet
  facet normal -3.701382e-01 9.289767e-01 0.000000e+00
    outer loop
      vertex   -1.690632e+02 -3.817670e+02 2.620000e+02
      vertex   -1.690632e+02 -3.817670e+02 2.600000e+02
      vertex   -1.694649e+02 -3.819271e+02 2.620000e+02
    endloop
  endfacet
  facet normal -3.701382e-01 9.289767e-01 0.000000e+00
    outer loop
      vertex   -1.694649e+02 -3.819271e+02 2.620000e+02
      vertex   -1.690632e+02 -3.817670e+02 2.600000e+02
      vertex   -1.694649e+02 -3.819271e+02 2.600000e+02
    endloop
  endfacet
  facet normal -1.617820e-01 9.868265e-01 0.000000e+00
    outer loop
      vertex   -1.694649e+02 -3.819271e+02 2.620000e+02
      vertex   -1.694649e+02 -3.819271e+02 2.600000e+02
      vertex   -1.698917e+02 -3.819971e+02 2.620000e+02
    endloop
  endfacet
  facet normal -1.617820e-01 9.868265e-01 0.000000e+00
    outer loop
      vertex   -1.698917e+02 -3.819971e+02 2.620000e+02
      vertex   -1.694649e+02 -3.819271e+02 2.600000e+02
      vertex   -1.698917e+02 -3.819971e+02 2.600000e+02
    endloop
  endfacet
  facet normal 5.413891e-02 9.985334e-01 0.000000e+00
    outer loop
      vertex   -1.698917e+02 -3.819971e+02 2.620000e+02
      vertex   -1.698917e+02 -3.819971e+02 2.600000e+02
      vertex   -1.703236e+02 -3.819737e+02 2.620000e+02
    endloop
  endfacet
  facet normal 5.413891e-02 9.985334e-01 0.000000e+00
    outer loop
      vertex   -1.703236e+02 -3.819737e+02 2.620000e+02
      vertex   -1.698917e+02 -3.819971e+02 2.600000e+02
      vertex   -1.703236e+02 -3.819737e+02 2.600000e+02
    endloop
  endfacet
  facet normal 2.675283e-01 9.635500e-01 0.000000e+00
    outer loop
      vertex   -1.703236e+02 -3.819737e+02 2.620000e+02
      vertex   -1.703236e+02 -3.819737e+02 2.600000e+02
      vertex   -1.707403e+02 -3.818580e+02 2.620000e+02
    endloop
  endfacet
  facet normal 2.675283e-01 9.635500e-01 0.000000e+00
    outer loop
      vertex   -1.707403e+02 -3.818580e+02 2.620000e+02
      vertex   -1.703236e+02 -3.819737e+02 2.600000e+02
      vertex   -1.707403e+02 -3.818580e+02 2.600000e+02
    endloop
  endfacet
  facet normal 4.684084e-01 8.835120e-01 0.000000e+00
    outer loop
      vertex   -1.707403e+02 -3.818580e+02 2.620000e+02
      vertex   -1.707403e+02 -3.818580e+02 2.600000e+02
      vertex   -1.711224e+02 -3.816554e+02 2.620000e+02
    endloop
  endfacet
  facet normal 4.684084e-01 8.835120e-01 0.000000e+00
    outer loop
      vertex   -1.711224e+02 -3.816554e+02 2.620000e+02
      vertex   -1.707403e+02 -3.818580e+02 2.600000e+02
      vertex   -1.711224e+02 -3.816554e+02 2.600000e+02
    endloop
  endfacet
  facet normal 6.473863e-01 7.621621e-01 0.000000e+00
    outer loop
      vertex   -1.711224e+02 -3.816554e+02 2.620000e+02
      vertex   -1.711224e+02 -3.816554e+02 2.600000e+02
      vertex   -1.714520e+02 -3.813754e+02 2.620000e+02
    endloop
  endfacet
  facet normal 6.473863e-01 7.621621e-01 0.000000e+00
    outer loop
      vertex   -1.714520e+02 -3.813754e+02 2.620000e+02
      vertex   -1.711224e+02 -3.816554e+02 2.600000e+02
      vertex   -1.714520e+02 -3.813754e+02 2.600000e+02
    endloop
  endfacet
  facet normal 7.960931e-01 6.051742e-01 0.000000e+00
    outer loop
      vertex   -1.714520e+02 -3.813754e+02 2.620000e+02
      vertex   -1.714520e+02 -3.813754e+02 2.600000e+02
      vertex   -1.717137e+02 -3.810311e+02 2.620000e+02
    endloop
  endfacet
  facet normal 7.960931e-01 6.051742e-01 0.000000e+00
    outer loop
      vertex   -1.717137e+02 -3.810311e+02 2.620000e+02
      vertex   -1.714520e+02 -3.813754e+02 2.600000e+02
      vertex   -1.717137e+02 -3.810311e+02 2.600000e+02
    endloop
  endfacet
  facet normal 9.075754e-01 4.198891e-01 0.000000e+00
    outer loop
      vertex   -1.717137e+02 -3.810311e+02 2.620000e+02
      vertex   -1.717137e+02 -3.810311e+02 2.600000e+02
      vertex   -1.718953e+02 -3.806386e+02 2.620000e+02
    endloop
  endfacet
  facet normal 9.075754e-01 4.198891e-01 0.000000e+00
    outer loop
      vertex   -1.718953e+02 -3.806386e+02 2.620000e+02
      vertex   -1.717137e+02 -3.810311e+02 2.600000e+02
      vertex   -1.718953e+02 -3.806386e+02 2.600000e+02
    endloop
  endfacet
  facet normal 9.766206e-01 2.149704e-01 0.000000e+00
    outer loop
      vertex   -1.718953e+02 -3.806386e+02 2.620000e+02
      vertex   -1.718953e+02 -3.806386e+02 2.600000e+02
      vertex   -1.719883e+02 -3.802162e+02 2.620000e+02
    endloop
  endfacet
  facet normal 9.766206e-01 2.149704e-01 0.000000e+00
    outer loop
      vertex   -1.719883e+02 -3.802162e+02 2.620000e+02
      vertex   -1.718953e+02 -3.806386e+02 2.600000e+02
      vertex   -1.719883e+02 -3.802162e+02 2.600000e+02
    endloop
  endfacet
  facet normal 1.000000e+00 -0.000000e+00 0.000000e+00
    outer loop
      vertex   -1.719883e+02 -3.802162e+02 2.620000e+02
      vertex   -1.719883e+02 -3.802162e+02 2.600000e+02
      vertex   -1.719883e+02 -3.797838e+02 2.620000e+02
    endloop
  endfacet
  facet normal 1.000000e+00 0.000000e+00 0.000000e+00
    outer loop
      vertex   -1.719883e+02 -3.797838e+02 2.620000e+02
      vertex   -1.719883e+02 -3.802162e+02 2.600000e+02
      vertex   -1.719883e+02 -3.797838e+02 2.600000e+02
    endloop
  endfacet
  facet normal 9.766206e-01 -2.149704e-01 0.000000e+00
    outer loop
      vertex   -1.719883e+02 -3.797838e+02 2.620000e+02
      vertex   -1.719883e+02 -3.797838e+02 2.600000e+02
      vertex   -1.718953e+02 -3.793614e+02 2.620000e+02
    endloop
  endfacet
  facet normal 9.766206e-01 -2.149704e-01 0.000000e+00
    outer loop
      vertex   -1.718953e+02 -3.793614e+02 2.620000e+02
      vertex   -1.719883e+02 -3.797838e+02 2.600000e+02
      vertex   -1.718953e+02 -3.793614e+02 2.600000e+02
    endloop
  endfacet
  facet normal 9.075754e-01 -4.198891e-01 0.000000e+00
    outer loop
      vertex   -1.718953e+02 -3.793614e+02 2.620000e+02
      vertex   -1.718953e+02 -3.793614e+02 2.600000e+02
      vertex   -1.717137e+02 -3.789689e+02 2.620000e+02
    endloop
  endfacet
  facet normal 9.075754e-01 -4.198891e-01 0.000000e+00
    outer loop
      vertex   -1.717137e+02 -3.789689e+02 2.620000e+02
      vertex   -1.718953e+02 -3.793614e+02 2.600000e+02
      vertex   -1.717137e+02 -3.789689e+02 2.600000e+02
    endloop
  endfacet
  facet normal 7.960931e-01 -6.051742e-01 0.000000e+00
    outer loop
      vertex   -1.717137e+02 -3.789689e+02 2.620000e+02
      vertex   -1.717137e+02 -3.789689e+02 2.600000e+02
      vertex   -1.714520e+02 -3.786246e+02 2.620000e+02
    endloop
  endfacet
  facet normal 7.960931e-01 -6.051742e-01 0.000000e+00
    outer loop
      vertex   -1.714520e+02 -3.786246e+02 2.620000e+02
      vertex   -1.717137e+02 -3.789689e+02 2.600000e+02
      vertex   -1.714520e+02 -3.786246e+02 2.600000e+02
    endloop
  endfacet
  facet normal 6.473863e-01 -7.621621e-01 0.000000e+00
    outer loop
      vertex   -1.714520e+02 -3.786246e+02 2.620000e+02
      vertex   -1.714520e+02 -3.786246e+02 2.600000e+02
      vertex   -1.711224e+02 -3.783446e+02 2.620000e+02
    endloop
  endfacet
  facet normal 6.473863e-01 -7.621621e-01 0.000000e+00
    outer loop
      vertex   -1.711224e+02 -3.783446e+02 2.620000e+02
      vertex   -1.714520e+02 -3.786246e+02 2.600000e+02
      vertex   -1.711224e+02 -3.783446e+02 2.600000e+02
    endloop
  endfacet
  facet normal 4.684084e-01 -8.835120e-01 0.000000e+00
    outer loop
      vertex   -1.711224e+02 -3.783446e+02 2.620000e+02
      vertex   -1.711224e+02 -3.783446e+02 2.600000e+02
      vertex   -1.707403e+02 -3.781421e+02 2.620000e+02
    endloop
  endfacet
  facet normal 4.684084e-01 -8.835120e-01 0.000000e+00
    outer loop
      vertex   -1.707403e+02 -3.781421e+02 2.620000e+02
      vertex   -1.711224e+02 -3.783446e+02 2.600000e+02
      vertex   -1.707403e+02 -3.781421e+02 2.600000e+02
    endloop
  endfacet
  facet normal 2.675283e-01 -9.635500e-01 0.000000e+00
    outer loop
      vertex   -1.707403e+02 -3.781421e+02 2.620000e+02
      vertex   -1.707403e+02 -3.781421e+02 2.600000e+02
      vertex   -1.703236e+02 -3.780264e+02 2.620000e+02
    endloop
  endfacet
  facet normal 2.675283e-01 -9.635500e-01 0.000000e+00
    outer loop
      vertex   -1.703236e+02 -3.780264e+02 2.620000e+02
      vertex   -1.707403e+02 -3.781421e+02 2.600000e+02
      vertex   -1.703236e+02 -3.780264e+02 2.600000e+02
    endloop
  endfacet
  facet normal 5.413891e-02 -9.985334e-01 0.000000e+00
    outer loop
      vertex   -1.703236e+02 -3.780264e+02 2.620000e+02
      vertex   -1.703236e+02 -3.780264e+02 2.600000e+02
      vertex   -1.698917e+02 -3.780029e+02 2.620000e+02
    endloop
  endfacet
  facet normal 5.413891e-02 -9.985334e-01 0.000000e+00
    outer loop
      vertex   -1.698917e+02 -3.780029e+02 2.620000e+02
      vertex   -1.703236e+02 -3.780264e+02 2.600000e+02
      vertex   -1.698917e+02 -3.780029e+02 2.600000e+02
    endloop
  endfacet
  facet normal -1.617820e-01 -9.868265e-01 -0.000000e+00
    outer loop
      vertex   -1.698917e+02 -3.780029e+02 2.620000e+02
      vertex   -1.698917e+02 -3.780029e+02 2.600000e+02
      vertex   -1.694649e+02 -3.780729e+02 2.620000e+02
    endloop
  endfacet
  facet normal -1.617820e-01 -9.868265e-01 -0.000000e+00
    outer loop
      vertex   -1.694649e+02 -3.780729e+02 2.620000e+02
      vertex   -1.698917e+02 -3.780029e+02 2.600000e+02
      vertex   -1.694649e+02 -3.780729e+02 2.600000e+02
    endloop
  endfacet
  facet normal -3.701382e-01 -9.289767e-01 -0.000000e+00
    outer loop
      vertex   -1.694649e+02 -3.780729e+02 2.620000e+02
      vertex   -1.694649e+02 -3.780729e+02 2.600000e+02
      vertex   -1.690632e+02 -3.782330e+02 2.620000e+02
    endloop
  endfacet
  facet normal -3.701382e-01 -9.289767e-01 -0.000000e+00
    outer loop
      vertex   -1.690632e+02 -3.782330e+02 2.620000e+02
      vertex   -1.694649e+02 -3.780729e+02 2.600000e+02
      vertex   -1.690632e+02 -3.782330e+02 2.600000e+02
    endloop
  endfacet
  facet normal -5.611871e-01 -8.276890e-01 -0.000000e+00
    outer loop
      vertex   -1.690632e+02 -3.782330e+02 2.620000e+02
      vertex   -1.690632e+02 -3.782330e+02 2.600000e+02
      vertex   -1.687052e+02 -3.784757e+02 2.620000e+02
    endloop
  endfacet
  facet normal -5.611871e-01 -8.276890e-01 -0.000000e+00
    outer loop
      vertex   -1.687052e+02 -3.784757e+02 2.620000e+02
      vertex   -1.690632e+02 -3.782330e+02 2.600000e+02
      vertex   -1.687052e+02 -3.784757e+02 2.600000e+02
    endloop
  endfacet
  facet normal -7.259955e-01 -6.876995e-01 -0.000000e+00
    outer loop
      vertex   -1.687052e+02 -3.784757e+02 2.620000e+02
      vertex   -1.687052e+02 -3.784757e+02 2.600000e+02
      vertex   -1.684078e+02 -3.787897e+02 2.620000e+02
    endloop
  endfacet
  facet normal -7.259955e-01 -6.876995e-01 -0.000000e+00
    outer loop
      vertex   -1.684078e+02 -3.787897e+02 2.620000e+02
      vertex   -1.687052e+02 -3.784757e+02 2.600000e+02
      vertex   -1.684078e+02 -3.787897e+02 2.600000e+02
    endloop
  endfacet
  facet normal -8.568572e-01 -5.155539e-01 -0.000000e+00
    outer loop
      vertex   -1.684078e+02 -3.787897e+02 2.620000e+02
      vertex   -1.684078e+02 -3.787897e+02 2.600000e+02
      vertex   -1.681849e+02 -3.791602e+02 2.620000e+02
    endloop
  endfacet
  facet normal -8.568572e-01 -5.155539e-01 -0.000000e+00
    outer loop
      vertex   -1.681849e+02 -3.791602e+02 2.620000e+02
      vertex   -1.684078e+02 -3.787897e+02 2.600000e+02
      vertex   -1.681849e+02 -3.791602e+02 2.600000e+02
    endloop
  endfacet
  facet normal -9.476532e-01 -3.193015e-01 -0.000000e+00
    outer loop
      vertex   -1.681849e+02 -3.791602e+02 2.620000e+02
      vertex   -1.681849e+02 -3.791602e+02 2.600000e+02
      vertex   -1.680468e+02 -3.795701e+02 2.620000e+02
    endloop
  endfacet
  facet normal -9.476532e-01 -3.193015e-01 -0.000000e+00
    outer loop
      vertex   -1.680468e+02 -3.795701e+02 2.620000e+02
      vertex   -1.681849e+02 -3.791602e+02 2.600000e+02
      vertex   -1.680468e+02 -3.795701e+02 2.600000e+02
    endloop
  endfacet
  facet normal 0.000000e+00 0.000000e+00 -1.000000e+00
    outer loop
      vertex   -1.680468e+02 -3.795701e+02 2.600000e+02
      vertex   -1.480000e+02 -3.580000e+02 2.600000e+02
      vertex   -1.680000e+02 -3.800000e+02 2.600000e+02
    endloop
  endfacet
  facet normal 0.000000e+00 0.000000e+00 -1.000000e+00
    outer loop
      vertex   -1.680000e+02 -3.800000e+02 2.600000e+02
      vertex   -1.480000e+02 -3.580000e+02 2.600000e+02
      vertex   -1.480000e+02 -4.020000e+02 2.600000e+02
    endloop
  endfacet
  facet normal 0.000000e+00 -0.000000e+00 -1.000000e+00
    outer loop
      vertex   -1.680000e+02 -3.800000e+02 2.600000e+02
      vertex   -1.480000e+02 -4.020000e+02 2.600000e+02
      vertex   -1.680468e+02 -3.804299e+02 2.600000e+02
    endloop
  endfacet
  facet normal 0.000000e+00 -0.000000e+00 -1.000000e+00
    outer loop
      vertex   -1.680468e+02 -3.804299e+02 2.600000e+02
      vertex   -1.480000e+02 -4.020000e+02 2.600000e+02
      vertex   -1.681849e+02 -3.808398e+02 2.600000e+02
    endloop
  endfacet
  facet normal 0.000000e+00 -0.000000e+00 -1.000000e+00
    outer loop
      vertex   -1.681849e+02 -3.808398e+02 2.600000e+02
      vertex   -1.480000e+02 -4.020000e+02 2.600000e+02
      vertex   -1.684078e+02 -3.812104e+02 2.600000e+02
    endloop
  endfacet
  facet normal 0.000000e+00 -0.000000e+00 -1.000000e+00
    outer loop
      vertex   -1.684078e+02 -3.812104e+02 2.600000e+02
      vertex   -1.480000e+02 -4.020000e+02 2.600000e+02
      vertex   -1.687052e+02 -3.815243e+02 2.600000e+02
    endloop
  endfacet
  facet normal 0.000000e+00 -0.000000e+00 -1.000000e+00
    outer loop
      vertex   -1.687052e+02 -3.815243e+02 2.600000e+02
      vertex   -1.480000e+02 -4.020000e+02 2.600000e+02
      vertex   -1.690632e+02 -3.817670e+02 2.600000e+02
    endloop
  endfacet
  facet normal 0.000000e+00 -0.000000e+00 -1.000000e+00
    outer loop
      vertex   -1.690632e+02 -3.817670e+02 2.600000e+02
      vertex   -1.480000e+02 -4.020000e+02 2.600000e+02
      vertex   -1.694649e+02 -3.819271e+02 2.600000e+02
    endloop
  endfacet
  facet normal 0.000000e+00 -0.000000e+00 -1.000000e+00
    outer loop
      vertex   -1.694649e+02 -3.819271e+02 2.600000e+02
      vertex   -1.480000e+02 -4.020000e+02 2.600000e+02
      vertex   -1.698917e+02 -3.819971e+02 2.600000e+02
    endloop
  endfacet
  facet normal -0.000000e+00 -0.000000e+00 -1.000000e+00
    outer loop
      vertex   -1.698917e+02 -3.819971e+02 2.600000e+02
      vertex   -1.480000e+02 -4.020000e+02 2.600000e+02
      vertex   -1.703236e+02 -3.819737e+02 2.600000e+02
    endloop
  endfacet
  facet normal 0.000000e+00 -0.000000e+00 -1.000000e+00
    outer loop
      vertex   -1.703236e+02 -3.819737e+02 2.600000e+02
      vertex   -1.480000e+02 -4.020000e+02 2.600000e+02
      vertex   -2.120000e+02 -4.020000e+02 2.600000e+02
    endloop
  endfacet
  facet normal -0.000000e+00 0.000000e+00 -1.000000e+00
    outer loop
      vertex   -1.703236e+02 -3.819737e+02 2.600000e+02
      vertex   -2.120000e+02 -4.020000e+02 2.600000e+02
      vertex   -1.894649e+02 -3.819271e+02 2.600000e+02
    endloop
  endfacet
  facet normal 0.000000e+00 0.000000e+00 -1.000000e+00
    outer loop
      vertex   -1.894649e+02 -3.819271e+02 2.600000e+02
      vertex   -2.120000e+02 -4.020000e+02 2.600000e+02
      vertex   -1.898917e+02 -3.819971e+02 2.600000e+02
    endloop
  endfacet
  facet normal -0.000000e+00 0.000000e+00 -1.000000e+00
    outer loop
      vertex   -1.898917e+02 -3.819971e+02 2.600000e+02
      vertex   -2.120000e+02 -4.020000e+02 2.600000e+02
      vertex   -1.903236e+02 -3.819737e+02 2.600000e+02
    endloop
  endfacet
  facet normal -0.000000e+00 0.000000e+00 -1.000000e+00
    outer loop
      vertex   -1.903236e+02 -3.819737e+02 2.600000e+02
      vertex   -2.120000e+02 -4.020000e+02 2.600000e+02
      vertex   -1.907403e+02 -3.818580e+02 2.600000e+02
    endloop
  endfacet
  facet normal -0.000000e+00 0.000000e+00 -1.000000e+00
    outer loop
      vertex   -1.907403e+02 -3.818580e+02 2.600000e+02
      vertex   -2.120000e+02 -4.020000e+02 2.600000e+02
      vertex   -1.911224e+02 -3.816554e+02 2.600000e+02
    endloop
  endfacet
  facet normal -0.000000e+00 0.000000e+00 -1.000000e+00
    outer loop
      vertex   -1.911224e+02 -3.816554e+02 2.600000e+02
      vertex   -2.120000e+02 -4.020000e+02 2.600000e+02
      vertex   -1.914520e+02 -3.813754e+02 2.600000e+02
    endloop
  endfacet
  facet normal -0.000000e+00 0.000000e+00 -1.000000e+00
    outer loop
      vertex   -1.914520e+02 -3.813754e+02 2.600000e+02
      vertex   -2.120000e+02 -4.020000e+02 2.600000e+02
      vertex   -1.917137e+02 -3.810311e+02 2.600000e+02
    endloop
  endfacet
  facet normal -0.000000e+00 0.000000e+00 -1.000000e+00
    outer loop
      vertex   -1.917137e+02 -3.810311e+02 2.600000e+02
      vertex   -2.120000e+02 -4.020000e+02 2.600000e+02
      vertex   -1.918953e+02 -3.806386e+02 2.600000e+02
    endloop
  endfacet
  facet normal -0.000000e+00 0.000000e+00 -1.000000e+00
    outer loop
      vertex   -1.918953e+02 -3.806386e+02 2.600000e+02
      vertex   -2.120000e+02 -4.020000e+02 2.600000e+02
      vertex   -1.919883e+02 -3.802162e+02 2.600000e+02
    endloop
  endfacet
  facet normal -0.000000e+00 0.000000e+00 -1.000000e+00
    outer loop
      vertex   -1.919883e+02 -3.802162e+02 2.600000e+02
      vertex   -2.120000e+02 -4.020000e+02 2.600000e+02
      vertex   -1.919883e+02 -3.797838e+02 2.600000e+02
    endloop
  endfacet
  facet normal -0.000000e+00 0.000000e+00 -1.000000e+00
    outer loop
      vertex   -1.919883e+02 -3.797838e+02 2.600000e+02
      vertex   -2.120000e+02 -4.020000e+02 2.600000e+02
      vertex   -2.120000e+02 -3.580000e+02 2.600000e+02
    endloop
  endfacet
  facet normal 0.000000e+00 0.000000e+00 -1.000000e+00
    outer loop
      vertex   -1.919883e+02 -3.797838e+02 2.600000e+02
      vertex   -2.120000e+02 -3.580000e+02 2.600000e+02
      vertex   -1.918953e+02 -3.793614e+02 2.600000e+02
    endloop
  endfacet
  facet normal 0.000000e+00 0.000000e+00 -1.000000e+00
    outer loop
      vertex   -1.918953e+02 -3.793614e+02 2.600000e+02
      vertex   -2.120000e+02 -3.580000e+02 2.600000e+02
      vertex   -1.917137e+02 -3.789689e+02 2.600000e+02
    endloop
  endfacet
  facet normal 0.000000e+00 0.000000e+00 -1.000000e+00
    outer loop
      vertex   -1.917137e+02 -3.789689e+02 2.600000e+02
      vertex   -2.120000e+02 -3.580000e+02 2.600000e+02
      vertex   -1.914520e+02 -3.786246e+02 2.600000e+02
    endloop
  endfacet
  facet normal 0.000000e+00 0.000000e+00 -1.000000e+00
    outer loop
      vertex   -1.914520e+02 -3.786246e+02 2.600000e+02
      vertex   -2.120000e+02 -3.580000e+02 2.600000e+02
      vertex   -1.911224e+02 -3.783446e+02 2.600000e+02
    endloop
  endfacet
  facet normal 0.000000e+00 0.000000e+00 -1.000000e+00
    outer loop
      vertex   -1.911224e+02 -3.783446e+02 2.600000e+02
      vertex   -2.120000e+02 -3.580000e+02 2.600000e+02
      vertex   -1.907403e+02 -3.781421e+02 2.600000e+02
    endloop
  endfacet
  facet normal 0.000000e+00 0.000000e+00 -1.000000e+00
    outer loop
      vertex   -1.907403e+02 -3.781421e+02 2.600000e+02
      vertex   -2.120000e+02 -3.580000e+02 2.600000e+02
      vertex   -1.903236e+02 -3.780264e+02 2.600000e+02
    endloop
  endfacet
  facet normal 0.000000e+00 0.000000e+00 -1.000000e+00
    outer loop
      vertex   -1.903236e+02 -3.780264e+02 2.600000e+02
      vertex   -2.120000e+02 -3.580000e+02 2.600000e+02
      vertex   -1.898917e+02 -3.780029e+02 2.600000e+02
    endloop
  endfacet
  facet normal 0.000000e+00 0.000000e+00 -1.000000e+00
    outer loop
      vertex   -1.898917e+02 -3.780029e+02 2.600000e+02
      vertex   -2.120000e+02 -3.580000e+02 2.600000e+02
      vertex   -1.894649e+02 -3.780729e+02 2.600000e+02
    endloop
  endfacet
  facet normal 0.000000e+00 0.000000e+00 -1.000000e+00
    outer loop
      vertex   -1.894649e+02 -3.780729e+02 2.600000e+02
      vertex   -2.120000e+02 -3.580000e+02 2.600000e+02
      vertex   -1.703236e+02 -3.780264e+02 2.600000e+02
    endloop
  endfacet
  facet normal 0.000000e+00 0.000000e+00 -1.000000e+00
    outer loop
      vertex   -1.894649e+02 -3.780729e+02 2.600000e+02
      vertex   -1.703236e+02 -3.780264e+02 2.600000e+02
      vertex   -1.707403e+02 -3.781421e+02 2.600000e+02
    endloop
  endfacet
  facet normal 0.000000e+00 0.000000e+00 -1.000000e+00
    outer loop
      vertex   -1.680468e+02 -3.795701e+02 2.600000e+02
      vertex   -1.681849e+02 -3.791602e+02 2.600000e+02
      vertex   -1.480000e+02 -3.580000e+02 2.600000e+02
    endloop
  endfacet
  facet normal 0.000000e+00 0.000000e+00 -1.000000e+00
    outer loop
      vertex   -1.480000e+02 -3.580000e+02 2.600000e+02
      vertex   -1.681849e+02 -3.791602e+02 2.600000e+02
      vertex   -1.684078e+02 -3.787897e+02 2.600000e+02
    endloop
  endfacet
  facet normal 0.000000e+00 0.000000e+00 -1.000000e+00
    outer loop
      vertex   -1.480000e+02 -3.580000e+02 2.600000e+02
      vertex   -1.684078e+02 -3.787897e+02 2.600000e+02
      vertex   -1.687052e+02 -3.784757e+02 2.600000e+02
    endloop
  endfacet
  facet normal 0.000000e+00 0.000000e+00 -1.000000e+00
    outer loop
      vertex   -1.687052e+02 -3.784757e+02 2.600000e+02
      vertex   -1.690632e+02 -3.782330e+02 2.600000e+02
      vertex   -1.480000e+02 -3.580000e+02 2.600000e+02
    endloop
  endfacet
  facet normal 0.000000e+00 0.000000e+00 -1.000000e+00
    outer loop
      vertex   -1.480000e+02 -3.580000e+02 2.600000e+02
      vertex   -1.690632e+02 -3.782330e+02 2.600000e+02
      vertex   -1.694649e+02 -3.780729e+02 2.600000e+02
    endloop
  endfacet
  facet normal 0.000000e+00 0.000000e+00 -1.000000e+00
    outer loop
      vertex   -1.480000e+02 -3.580000e+02 2.600000e+02
      vertex   -1.694649e+02 -3.780729e+02 2.600000e+02
      vertex   -1.698917e+02 -3.780029e+02 2.600000e+02
    endloop
  endfacet
  facet normal -0.000000e+00 0.000000e+00 -1.000000e+00
    outer loop
      vertex   -1.698917e+02 -3.780029e+02 2.600000e+02
      vertex   -1.703236e+02 -3.780264e+02 2.600000e+02
      vertex   -1.480000e+02 -3.580000e+02 2.600000e+02
    endloop
  endfacet
  facet normal -0.000000e+00 0.000000e+00 -1.000000e+00
    outer loop
      vertex   -1.480000e+02 -3.580000e+02 2.600000e+02
      vertex   -1.703236e+02 -3.780264e+02 2.600000e+02
      vertex   -2.120000e+02 -3.580000e+02 2.600000e+02
    endloop
  endfacet
  facet normal 0.000000e+00 0.000000e+00 -1.000000e+00
    outer loop
      vertex   -1.894649e+02 -3.780729e+02 2.600000e+02
      vertex   -1.707403e+02 -3.781421e+02 2.600000e+02
      vertex   -1.890632e+02 -3.782330e+02 2.600000e+02
    endloop
  endfacet
  facet normal 0.000000e+00 0.000000e+00 -1.000000e+00
    outer loop
      vertex   -1.890632e+02 -3.782330e+02 2.600000e+02
      vertex   -1.707403e+02 -3.781421e+02 2.600000e+02
      vertex   -1.711224e+02 -3.783446e+02 2.600000e+02
    endloop
  endfacet
  facet normal 0.000000e+00 0.000000e+00 -1.000000e+00
    outer loop
      vertex   -1.890632e+02 -3.782330e+02 2.600000e+02
      vertex   -1.711224e+02 -3.783446e+02 2.600000e+02
      vertex   -1.887052e+02 -3.784757e+02 2.600000e+02
    endloop
  endfacet
  facet normal 0.000000e+00 0.000000e+00 -1.000000e+00
    outer loop
      vertex   -1.887052e+02 -3.784757e+02 2.600000e+02
      vertex   -1.711224e+02 -3.783446e+02 2.600000e+02
      vertex   -1.714520e+02 -3.786246e+02 2.600000e+02
    endloop
  endfacet
  facet normal 0.000000e+00 0.000000e+00 -1.000000e+00
    outer loop
      vertex   -1.887052e+02 -3.784757e+02 2.600000e+02
      vertex   -1.714520e+02 -3.786246e+02 2.600000e+02
      vertex   -1.884078e+02 -3.787897e+02 2.600000e+02
    endloop
  endfacet
  facet normal 0.000000e+00 0.000000e+00 -1.000000e+00
    outer loop
      vertex   -1.884078e+02 -3.787897e+02 2.600000e+02
      vertex   -1.714520e+02 -3.786246e+02 2.600000e+02
      vertex   -1.717137e+02 -3.789689e+02 2.600000e+02
    endloop
  endfacet
  facet normal 0.000000e+00 0.000000e+00 -1.000000e+00
    outer loop
      vertex   -1.884078e+02 -3.787897e+02 2.600000e+02
      vertex   -1.717137e+02 -3.789689e+02 2.600000e+02
      vertex   -1.881849e+02 -3.791602e+02 2.600000e+02
    endloop
  endfacet
  facet normal 0.000000e+00 0.000000e+00 -1.000000e+00
    outer loop
      vertex   -1.881849e+02 -3.791602e+02 2.600000e+02
      vertex   -1.717137e+02 -3.789689e+02 2.600000e+02
      vertex   -1.718953e+02 -3.793614e+02 2.600000e+02
    endloop
  endfacet
  facet normal 0.000000e+00 0.000000e+00 -1.000000e+00
    outer loop
      vertex   -1.881849e+02 -3.791602e+02 2.600000e+02
      vertex   -1.718953e+02 -3.793614e+02 2.600000e+02
      vertex   -1.880468e+02 -3.795701e+02 2.600000e+02
    endloop
  endfacet
  facet normal 0.000000e+00 0.000000e+00 -1.000000e+00
    outer loop
      vertex   -1.880468e+02 -3.795701e+02 2.600000e+02
      vertex   -1.718953e+02 -3.793614e+02 2.600000e+02
      vertex   -1.719883e+02 -3.797838e+02 2.600000e+02
    endloop
  endfacet
  facet normal 0.000000e+00 0.000000e+00 -1.000000e+00
    outer loop
      vertex   -1.880468e+02 -3.795701e+02 2.600000e+02
      vertex   -1.719883e+02 -3.797838e+02 2.600000e+02
      vertex   -1.880000e+02 -3.800000e+02 2.600000e+02
    endloop
  endfacet
  facet normal 0.000000e+00 0.000000e+00 -1.000000e+00
    outer loop
      vertex   -1.880000e+02 -3.800000e+02 2.600000e+02
      vertex   -1.719883e+02 -3.797838e+02 2.600000e+02
      vertex   -1.719883e+02 -3.802162e+02 2.600000e+02
    endloop
  endfacet
  facet normal 0.000000e+00 -0.000000e+00 -1.000000e+00
    outer loop
      vertex   -1.880000e+02 -3.800000e+02 2.600000e+02
      vertex   -1.719883e+02 -3.802162e+02 2.600000e+02
      vertex   -1.880468e+02 -3.804299e+02 2.600000e+02
    endloop
  endfacet
  facet normal 0.000000e+00 0.000000e+00 -1.000000e+00
    outer loop
      vertex   -1.880468e+02 -3.804299e+02 2.600000e+02
      vertex   -1.719883e+02 -3.802162e+02 2.600000e+02
      vertex   -1.718953e+02 -3.806386e+02 2.600000e+02
    endloop
  endfacet
  facet normal 0.000000e+00 -0.000000e+00 -1.000000e+00
    outer loop
      vertex   -1.880468e+02 -3.804299e+02 2.600000e+02
      vertex   -1.718953e+02 -3.806386e+02 2.600000e+02
      vertex   -1.881849e+02 -3.808398e+02 2.600000e+02
    endloop
  endfacet
  facet normal 0.000000e+00 0.000000e+00 -1.000000e+00
    outer loop
      vertex   -1.881849e+02 -3.808398e+02 2.600000e+02
      vertex   -1.718953e+02 -3.806386e+02 2.600000e+02
      vertex   -1.717137e+02 -3.810311e+02 2.600000e+02
    endloop
  endfacet
  facet normal 0.000000e+00 -0.000000e+00 -1.000000e+00
    outer loop
      vertex   -1.881849e+02 -3.808398e+02 2.600000e+02
      vertex   -1.717137e+02 -3.810311e+02 2.600000e+02
      vertex   -1.884078e+02 -3.812104e+02 2.600000e+02
    endloop
  endfacet
  facet normal 0.000000e+00 0.000000e+00 -1.000000e+00
    outer loop
      vertex   -1.884078e+02 -3.812104e+02 2.600000e+02
      vertex   -1.717137e+02 -3.810311e+02 2.600000e+02
      vertex   -1.714520e+02 -3.813754e+02 2.600000e+02
    endloop
  endfacet
  facet normal 0.000000e+00 -0.000000e+00 -1.000000e+00
    outer loop
      vertex   -1.884078e+02 -3.812104e+02 2.600000e+02
      vertex   -1.714520e+02 -3.813754e+02 2.600000e+02
      vertex   -1.887052e+02 -3.815243e+02 2.600000e+02
    endloop
  endfacet
  facet normal 0.000000e+00 0.000000e+00 -1.000000e+00
    outer loop
      vertex   -1.887052e+02 -3.815243e+02 2.600000e+02
      vertex   -1.714520e+02 -3.813754e+02 2.600000e+02
      vertex   -1.711224e+02 -3.816554e+02 2.600000e+02
    endloop
  endfacet
  facet normal 0.000000e+00 -0.000000e+00 -1.000000e+00
    outer loop
      vertex   -1.887052e+02 -3.815243e+02 2.600000e+02
      vertex   -1.711224e+02 -3.816554e+02 2.600000e+02
      vertex   -1.890632e+02 -3.817670e+02 2.600000e+02
    endloop
  endfacet
  facet normal 0.000000e+00 0.000000e+00 -1.000000e+00
    outer loop
      vertex   -1.890632e+02 -3.817670e+02 2.600000e+02
      vertex   -1.711224e+02 -3.816554e+02 2.600000e+02
      vertex   -1.707403e+02 -3.818580e+02 2.600000e+02
    endloop
  endfacet
  facet normal 0.000000e+00 -0.000000e+00 -1.000000e+00
    outer loop
      vertex   -1.890632e+02 -3.817670e+02 2.600000e+02
      vertex   -1.707403e+02 -3.818580e+02 2.600000e+02
      vertex   -1.894649e+02 -3.819271e+02 2.600000e+02
    endloop
  endfacet
  facet normal 0.000000e+00 0.000000e+00 -1.000000e+00
    outer loop
      vertex   -1.894649e+02 -3.819271e+02 2.600000e+02
      vertex   -1.707403e+02 -3.818580e+02 2.600000e+02
      vertex   -1.703236e+02 -3.819737e+02 2.600000e+02
    endloop
  endfacet
endsolid
